BOULE DE SUIF,Guy de Maupassant,Other,Other,manual/processed/boule-de-suif-by-guy-de-maupassant-0000-0000.txt
TWO FRIENDS,Guy de Maupassant,Other,Other,manual/processed/two-friends-by-guy-de-maupassant-0000-0001.txt
THE LANCER'S WIFE,Guy de Maupassant,Other,Other,manual/processed/the-lancer-s-wife-by-guy-de-maupassant-0000-0002.txt
THE PRISONERS,Guy de Maupassant,Other,Other,manual/processed/the-prisoners-by-guy-de-maupassant-0000-0003.txt
TWO LITTLE SOLDIERS,Guy de Maupassant,Other,Other,manual/processed/two-little-soldiers-by-guy-de-maupassant-0000-0004.txt
FATHER MILON,Guy de Maupassant,Other,Other,manual/processed/father-milon-by-guy-de-maupassant-0000-0005.txt
A COUP D'ETAT,Guy de Maupassant,Other,Other,manual/processed/a-coup-d-etat-by-guy-de-maupassant-0000-0006.txt
LIEUTENANT LARE'S MARRIAGE,Guy de Maupassant,Other,Other,manual/processed/lieutenant-lare-s-marriage-by-guy-de-maupassant-0000-0007.txt
THE HORRIBLE,Guy de Maupassant,Other,Other,manual/processed/the-horrible-by-guy-de-maupassant-0000-0008.txt
MADAME PARISSE,Guy de Maupassant,Other,Other,manual/processed/madame-parisse-by-guy-de-maupassant-0000-0009.txt
MADEMOISELLE FIFI,Guy de Maupassant,Other,Other,manual/processed/mademoiselle-fifi-by-guy-de-maupassant-0000-0010.txt
A DUEL,Guy de Maupassant,Other,Other,manual/processed/a-duel-by-guy-de-maupassant-0000-0011.txt
"ORIGINAL SHORT STORIES, Vol. 2.",Guy de Maupassant,Other,Other,manual/processed/original-short-stories-vol-2-by-guy-de-maupassant-0000-0012.txt
THE COLONEL'S IDEAS,Guy de Maupassant,Other,Other,manual/processed/the-colonel-s-ideas-by-guy-de-maupassant-0000-0013.txt
MOTHER SAUVAGE,Guy de Maupassant,Other,Other,manual/processed/mother-sauvage-by-guy-de-maupassant-0000-0014.txt
EPIPHANY,Guy de Maupassant,Other,Other,manual/processed/epiphany-by-guy-de-maupassant-0000-0015.txt
THE MUSTACHE,Guy de Maupassant,Other,Other,manual/processed/the-mustache-by-guy-de-maupassant-0000-0016.txt
MADAME BAPTISTE,Guy de Maupassant,Other,Other,manual/processed/madame-baptiste-by-guy-de-maupassant-0000-0017.txt
THE QUESTION OF LATIN,Guy de Maupassant,Other,Other,manual/processed/the-question-of-latin-by-guy-de-maupassant-0000-0018.txt
A MEETING,Guy de Maupassant,Other,Other,manual/processed/a-meeting-by-guy-de-maupassant-0000-0019.txt
THE BLIND MAN,Guy de Maupassant,Other,Other,manual/processed/the-blind-man-by-guy-de-maupassant-0000-0020.txt
INDISCRETION,Guy de Maupassant,Other,Other,manual/processed/indiscretion-by-guy-de-maupassant-0000-0021.txt
A FAMILY AFFAIR,Guy de Maupassant,Other,Other,manual/processed/a-family-affair-by-guy-de-maupassant-0000-0022.txt
BESIDE SCHOPENHAUER'S CORPSE,Guy de Maupassant,Other,Other,manual/processed/beside-schopenhauer-s-corpse-by-guy-de-maupassant-0000-0023.txt
"ORIGINAL SHORT STORIES, Vol. 3.",Guy de Maupassant,Other,Other,manual/processed/original-short-stories-vol-3-by-guy-de-maupassant-0000-0024.txt
MISS HARRIET,Guy de Maupassant,Other,Other,manual/processed/miss-harriet-by-guy-de-maupassant-0000-0025.txt
LITTLE LOUISE ROQUE,Guy de Maupassant,Other,Other,manual/processed/little-louise-roque-by-guy-de-maupassant-0000-0026.txt
THE DONKEY,Guy de Maupassant,Other,Other,manual/processed/the-donkey-by-guy-de-maupassant-0000-0027.txt
MOIRON,Guy de Maupassant,Other,Other,manual/processed/moiron-by-guy-de-maupassant-0000-0028.txt
THE DISPENSER OF HOLY WATER,Guy de Maupassant,Other,Other,manual/processed/the-dispenser-of-holy-water-by-guy-de-maupassant-0000-0029.txt
A PARRICIDE,Guy de Maupassant,Other,Other,manual/processed/a-parricide-by-guy-de-maupassant-0000-0030.txt
BERTHA,Guy de Maupassant,Other,Other,manual/processed/bertha-by-guy-de-maupassant-0000-0031.txt
THE PATRON,Guy de Maupassant,Other,Other,manual/processed/the-patron-by-guy-de-maupassant-0000-0032.txt
THE DOOR,Guy de Maupassant,Other,Other,manual/processed/the-door-by-guy-de-maupassant-0000-0033.txt
A SALE,Guy de Maupassant,Other,Other,manual/processed/a-sale-by-guy-de-maupassant-0000-0034.txt
THE IMPOLITE SEX,Guy de Maupassant,Other,Other,manual/processed/the-impolite-sex-by-guy-de-maupassant-0000-0035.txt
A WEDDING GIFT,Guy de Maupassant,Other,Other,manual/processed/a-wedding-gift-by-guy-de-maupassant-0000-0036.txt
THE RELIC,Guy de Maupassant,Other,Other,manual/processed/the-relic-by-guy-de-maupassant-0000-0037.txt
THE MORIBUND,Guy de Maupassant,Other,Other,manual/processed/the-moribund-by-guy-de-maupassant-0000-0038.txt
THE GAMEKEEPER,Guy de Maupassant,Other,Other,manual/processed/the-gamekeeper-by-guy-de-maupassant-0000-0039.txt
THE STORY OF A FARM GIRL,Guy de Maupassant,Other,Other,manual/processed/the-story-of-a-farm-girl-by-guy-de-maupassant-0000-0040.txt
THE WRECK,Guy de Maupassant,Other,Other,manual/processed/the-wreck-by-guy-de-maupassant-0000-0041.txt
THEODULE SABOT'S CONFESSION,Guy de Maupassant,Other,Other,manual/processed/theodule-sabot-s-confession-by-guy-de-maupassant-0000-0042.txt
THE WRONG HOUSE,Guy de Maupassant,Other,Other,manual/processed/the-wrong-house-by-guy-de-maupassant-0000-0043.txt
THE DIAMOND NECKLACE,Guy de Maupassant,Other,Other,manual/processed/the-diamond-necklace-by-guy-de-maupassant-0000-0044.txt
THE MARQUIS DE FUMEROL,Guy de Maupassant,Other,Other,manual/processed/the-marquis-de-fumerol-by-guy-de-maupassant-0000-0045.txt
THE TRIP OF LE HORLA,Guy de Maupassant,Other,Other,manual/processed/the-trip-of-le-horla-by-guy-de-maupassant-0000-0046.txt
FAREWELL!,Guy de Maupassant,Other,Other,manual/processed/farewell-by-guy-de-maupassant-0000-0047.txt
THE WOLF,Guy de Maupassant,Other,Other,manual/processed/the-wolf-by-guy-de-maupassant-0000-0048.txt
THE INN,Guy de Maupassant,Other,Other,manual/processed/the-inn-by-guy-de-maupassant-0000-0049.txt
MONSIEUR PARENT,Guy de Maupassant,Other,Other,manual/processed/monsieur-parent-by-guy-de-maupassant-0000-0050.txt
QUEEN HORTENSE,Guy de Maupassant,Other,Other,manual/processed/queen-hortense-by-guy-de-maupassant-0000-0051.txt
TIMBUCTOO,Guy de Maupassant,Other,Other,manual/processed/timbuctoo-by-guy-de-maupassant-0000-0052.txt
TOMBSTONES,Guy de Maupassant,Other,Other,manual/processed/tombstones-by-guy-de-maupassant-0000-0053.txt
MADEMOISELLE PEARL,Guy de Maupassant,Other,Other,manual/processed/mademoiselle-pearl-by-guy-de-maupassant-0000-0054.txt
THE THIEF,Guy de Maupassant,Other,Other,manual/processed/the-thief-by-guy-de-maupassant-0000-0055.txt
CLAIR DE LUNE,Guy de Maupassant,Other,Other,manual/processed/clair-de-lune-by-guy-de-maupassant-0000-0056.txt
"WAITER, A “BOCK”",Guy de Maupassant,Other,Other,manual/processed/waiter-a-bock-by-guy-de-maupassant-0000-0057.txt
AFTER,Guy de Maupassant,Other,Other,manual/processed/after-by-guy-de-maupassant-0000-0058.txt
FORGIVENESS,Guy de Maupassant,Other,Other,manual/processed/forgiveness-by-guy-de-maupassant-0000-0059.txt
IN THE SPRING,Guy de Maupassant,Other,Other,manual/processed/in-the-spring-by-guy-de-maupassant-0000-0060.txt
A QUEER NIGHT IN PARIS,Guy de Maupassant,Other,Other,manual/processed/a-queer-night-in-paris-by-guy-de-maupassant-0000-0061.txt
THAT COSTLY RIDE,Guy de Maupassant,Other,Other,manual/processed/that-costly-ride-by-guy-de-maupassant-0000-0062.txt
USELESS BEAUTY,Guy de Maupassant,Other,Other,manual/processed/useless-beauty-by-guy-de-maupassant-0000-0063.txt
THE FATHER,Guy de Maupassant,Other,Other,manual/processed/the-father-by-guy-de-maupassant-0000-0064.txt
MY UNCLE SOSTHENES,Guy de Maupassant,Other,Other,manual/processed/my-uncle-sosthenes-by-guy-de-maupassant-0000-0065.txt
THE BARONESS,Guy de Maupassant,Other,Other,manual/processed/the-baroness-by-guy-de-maupassant-0000-0066.txt
MOTHER AND SON,Guy de Maupassant,Other,Other,manual/processed/mother-and-son-by-guy-de-maupassant-0000-0067.txt
THE HAND,Guy de Maupassant,Other,Other,manual/processed/the-hand-by-guy-de-maupassant-0000-0068.txt
A TRESS OF HAIR,Guy de Maupassant,Other,Other,manual/processed/a-tress-of-hair-by-guy-de-maupassant-0000-0069.txt
ON THE RIVER,Guy de Maupassant,Other,Other,manual/processed/on-the-river-by-guy-de-maupassant-0000-0070.txt
THE CRIPPLE,Guy de Maupassant,Other,Other,manual/processed/the-cripple-by-guy-de-maupassant-0000-0071.txt
A STROLL,Guy de Maupassant,Other,Other,manual/processed/a-stroll-by-guy-de-maupassant-0000-0072.txt
ALEXANDRE,Guy de Maupassant,Other,Other,manual/processed/alexandre-by-guy-de-maupassant-0000-0073.txt
THE LOG,Guy de Maupassant,Other,Other,manual/processed/the-log-by-guy-de-maupassant-0000-0074.txt
JULIE ROMAIN,Guy de Maupassant,Other,Other,manual/processed/julie-romain-by-guy-de-maupassant-0000-0075.txt
THE RONDOLI SISTERS,Guy de Maupassant,Other,Other,manual/processed/the-rondoli-sisters-by-guy-de-maupassant-0000-0076.txt
THE FALSE GEMS,Guy de Maupassant,Other,Other,manual/processed/the-false-gems-by-guy-de-maupassant-0000-0077.txt
FASCINATION,Guy de Maupassant,Other,Other,manual/processed/fascination-by-guy-de-maupassant-0000-0078.txt
YVETTE SAMORIS,Guy de Maupassant,Other,Other,manual/processed/yvette-samoris-by-guy-de-maupassant-0000-0079.txt
A VENDETTA,Guy de Maupassant,Other,Other,manual/processed/a-vendetta-by-guy-de-maupassant-0000-0080.txt
MY TWENTY-FIVE DAYS,Guy de Maupassant,Other,Other,manual/processed/my-twenty-five-days-by-guy-de-maupassant-0000-0081.txt
“THE TERROR”,Guy de Maupassant,Other,Other,manual/processed/the-terror-by-guy-de-maupassant-0000-0082.txt
LEGEND OF MONT ST. MICHEL,Guy de Maupassant,Other,Other,manual/processed/legend-of-mont-st-michel-by-guy-de-maupassant-0000-0083.txt
A NEW YEAR'S GIFT,Guy de Maupassant,Other,Other,manual/processed/a-new-year-s-gift-by-guy-de-maupassant-0000-0084.txt
FRIEND PATIENCE,Guy de Maupassant,Other,Other,manual/processed/friend-patience-by-guy-de-maupassant-0000-0085.txt
ABANDONED,Guy de Maupassant,Other,Other,manual/processed/abandoned-by-guy-de-maupassant-0000-0086.txt
THE MAISON TELLIER,Guy de Maupassant,Other,Other,manual/processed/the-maison-tellier-by-guy-de-maupassant-0000-0087.txt
DENIS,Guy de Maupassant,Other,Other,manual/processed/denis-by-guy-de-maupassant-0000-0088.txt
MY WIFE,Guy de Maupassant,Other,Other,manual/processed/my-wife-by-guy-de-maupassant-0000-0089.txt
THE UNKNOWN,Guy de Maupassant,Other,Other,manual/processed/the-unknown-by-guy-de-maupassant-0000-0090.txt
THE APPARITION,Guy de Maupassant,Other,Other,manual/processed/the-apparition-by-guy-de-maupassant-0000-0091.txt
CLOCHETTE,Guy de Maupassant,Other,Other,manual/processed/clochette-by-guy-de-maupassant-0000-0092.txt
THE KISS,Guy de Maupassant,Other,Other,manual/processed/the-kiss-by-guy-de-maupassant-0000-0093.txt
THE LEGION OF HONOR,Guy de Maupassant,Other,Other,manual/processed/the-legion-of-honor-by-guy-de-maupassant-0000-0094.txt
THE TEST,Guy de Maupassant,Other,Other,manual/processed/the-test-by-guy-de-maupassant-0000-0095.txt
FOUND ON A DROWNED MAN,Guy de Maupassant,Other,Other,manual/processed/found-on-a-drowned-man-by-guy-de-maupassant-0000-0096.txt
THE ORPHAN,Guy de Maupassant,Other,Other,manual/processed/the-orphan-by-guy-de-maupassant-0000-0097.txt
THE BEGGAR,Guy de Maupassant,Other,Other,manual/processed/the-beggar-by-guy-de-maupassant-0000-0098.txt
THE RABBIT,Guy de Maupassant,Other,Other,manual/processed/the-rabbit-by-guy-de-maupassant-0000-0099.txt
HIS AVENGER,Guy de Maupassant,Other,Other,manual/processed/his-avenger-by-guy-de-maupassant-0000-0100.txt
MY UNCLE JULES,Guy de Maupassant,Other,Other,manual/processed/my-uncle-jules-by-guy-de-maupassant-0000-0101.txt
THE MODEL,Guy de Maupassant,Other,Other,manual/processed/the-model-by-guy-de-maupassant-0000-0102.txt
A VAGABOND,Guy de Maupassant,Other,Other,manual/processed/a-vagabond-by-guy-de-maupassant-0000-0103.txt
THE FISHING HOLE,Guy de Maupassant,Other,Other,manual/processed/the-fishing-hole-by-guy-de-maupassant-0000-0104.txt
THE SPASM,Guy de Maupassant,Other,Other,manual/processed/the-spasm-by-guy-de-maupassant-0000-0105.txt
IN THE WOOD,Guy de Maupassant,Other,Other,manual/processed/in-the-wood-by-guy-de-maupassant-0000-0106.txt
MARTINE,Guy de Maupassant,Other,Other,manual/processed/martine-by-guy-de-maupassant-0000-0107.txt
ALL OVER,Guy de Maupassant,Other,Other,manual/processed/all-over-by-guy-de-maupassant-0000-0108.txt
THE PARROT,Guy de Maupassant,Other,Other,manual/processed/the-parrot-by-guy-de-maupassant-0000-0109.txt
THE PIECE OF STRING,Guy de Maupassant,Other,Other,manual/processed/the-piece-of-string-by-guy-de-maupassant-0000-0110.txt
TOINE,Guy de Maupassant,Other,Other,manual/processed/toine-by-guy-de-maupassant-0000-0111.txt
MADAME HUSSON'S “ROSIER”,Guy de Maupassant,Other,Other,manual/processed/madame-husson-s-rosier-by-guy-de-maupassant-0000-0112.txt
THE ADOPTED SON,Guy de Maupassant,Other,Other,manual/processed/the-adopted-son-by-guy-de-maupassant-0000-0113.txt
COWARD,Guy de Maupassant,Other,Other,manual/processed/coward-by-guy-de-maupassant-0000-0114.txt
OLD MONGILET,Guy de Maupassant,Other,Other,manual/processed/old-mongilet-by-guy-de-maupassant-0000-0115.txt
MOONLIGHT,Guy de Maupassant,Other,Other,manual/processed/moonlight-by-guy-de-maupassant-0000-0116.txt
THE FIRST SNOWFALL,Guy de Maupassant,Other,Other,manual/processed/the-first-snowfall-by-guy-de-maupassant-0000-0117.txt
SUNDAYS OF A BOURGEOIS,Guy de Maupassant,Other,Other,manual/processed/sundays-of-a-bourgeois-by-guy-de-maupassant-0000-0118.txt
A RECOLLECTION,Guy de Maupassant,Other,Other,manual/processed/a-recollection-by-guy-de-maupassant-0000-0119.txt
OUR LETTERS,Guy de Maupassant,Other,Other,manual/processed/our-letters-by-guy-de-maupassant-0000-0120.txt
THE LOVE OF LONG AGO,Guy de Maupassant,Other,Other,manual/processed/the-love-of-long-ago-by-guy-de-maupassant-0000-0121.txt
FRIEND JOSEPH,Guy de Maupassant,Other,Other,manual/processed/friend-joseph-by-guy-de-maupassant-0000-0122.txt
THE EFFEMINATES,Guy de Maupassant,Other,Other,manual/processed/the-effeminates-by-guy-de-maupassant-0000-0123.txt
OLD AMABLE,Guy de Maupassant,Other,Other,manual/processed/old-amable-by-guy-de-maupassant-0000-0124.txt
THE CHRISTENING,Guy de Maupassant,Other,Other,manual/processed/the-christening-by-guy-de-maupassant-0000-0125.txt
THE FARMER'S WIFE,Guy de Maupassant,Other,Other,manual/processed/the-farmer-s-wife-by-guy-de-maupassant-0000-0126.txt
THE DEVIL,Guy de Maupassant,Other,Other,manual/processed/the-devil-by-guy-de-maupassant-0000-0127.txt
THE SNIPE,Guy de Maupassant,Other,Other,manual/processed/the-snipe-by-guy-de-maupassant-0000-0128.txt
THE WILL,Guy de Maupassant,Other,Other,manual/processed/the-will-by-guy-de-maupassant-0000-0129.txt
WALTER SCHNAFFS' ADVENTURE,Guy de Maupassant,Other,Other,manual/processed/walter-schnaffs-adventure-by-guy-de-maupassant-0000-0130.txt
AT SEA,Guy de Maupassant,Other,Other,manual/processed/at-sea-by-guy-de-maupassant-0000-0131.txt
MINUET,Guy de Maupassant,Other,Other,manual/processed/minuet-by-guy-de-maupassant-0000-0132.txt
THE SON,Guy de Maupassant,Other,Other,manual/processed/the-son-by-guy-de-maupassant-0000-0133.txt
THAT PIG OF A MORIN,Guy de Maupassant,Other,Other,manual/processed/that-pig-of-a-morin-by-guy-de-maupassant-0000-0134.txt
SAINT ANTHONY,Guy de Maupassant,Other,Other,manual/processed/saint-anthony-by-guy-de-maupassant-0000-0135.txt
LASTING LOVE,Guy de Maupassant,Other,Other,manual/processed/lasting-love-by-guy-de-maupassant-0000-0136.txt
PIERROT,Guy de Maupassant,Other,Other,manual/processed/pierrot-by-guy-de-maupassant-0000-0137.txt
A NORMANDY JOKE,Guy de Maupassant,Other,Other,manual/processed/a-normandy-joke-by-guy-de-maupassant-0000-0138.txt
FATHER MATTHEW,Guy de Maupassant,Other,Other,manual/processed/father-matthew-by-guy-de-maupassant-0000-0139.txt
THE UMBRELLA,Guy de Maupassant,Other,Other,manual/processed/the-umbrella-by-guy-de-maupassant-0000-0140.txt
BELHOMME'S BEAST,Guy de Maupassant,Other,Other,manual/processed/belhomme-s-beast-by-guy-de-maupassant-0000-0141.txt
DISCOVERY,Guy de Maupassant,Other,Other,manual/processed/discovery-by-guy-de-maupassant-0000-0142.txt
THE ACCURSED BREAD,Guy de Maupassant,Other,Other,manual/processed/the-accursed-bread-by-guy-de-maupassant-0000-0143.txt
THE DOWRY,Guy de Maupassant,Other,Other,manual/processed/the-dowry-by-guy-de-maupassant-0000-0144.txt
THE DIARY OF A MADMAN,Guy de Maupassant,Other,Other,manual/processed/the-diary-of-a-madman-by-guy-de-maupassant-0000-0145.txt
THE MASK,Guy de Maupassant,Other,Other,manual/processed/the-mask-by-guy-de-maupassant-0000-0146.txt
THE PENGUINS' ROCK,Guy de Maupassant,Other,Other,manual/processed/the-penguins-rock-by-guy-de-maupassant-0000-0147.txt
A FAMILY,Guy de Maupassant,Other,Other,manual/processed/a-family-by-guy-de-maupassant-0000-0148.txt
SUICIDES,Guy de Maupassant,Other,Other,manual/processed/suicides-by-guy-de-maupassant-0000-0149.txt
AN ARTIFICE,Guy de Maupassant,Other,Other,manual/processed/an-artifice-by-guy-de-maupassant-0000-0150.txt
DREAMS,Guy de Maupassant,Other,Other,manual/processed/dreams-by-guy-de-maupassant-0000-0151.txt
SIMON'S PAPA,Guy de Maupassant,Other,Other,manual/processed/simon-s-papa-by-guy-de-maupassant-0000-0152.txt
THE CHILD,Guy de Maupassant,Other,Other,manual/processed/the-child-by-guy-de-maupassant-0000-0153.txt
A COUNTRY EXCURSION,Guy de Maupassant,Other,Other,manual/processed/a-country-excursion-by-guy-de-maupassant-0000-0154.txt
ROSE,Guy de Maupassant,Other,Other,manual/processed/rose-by-guy-de-maupassant-0000-0155.txt
ROSALIE PRUDENT,Guy de Maupassant,Other,Other,manual/processed/rosalie-prudent-by-guy-de-maupassant-0000-0156.txt
REGRET,Guy de Maupassant,Other,Other,manual/processed/regret-by-guy-de-maupassant-0000-0157.txt
A SISTER'S CONFESSION,Guy de Maupassant,Other,Other,manual/processed/a-sister-s-confession-by-guy-de-maupassant-0000-0158.txt
COCO,Guy de Maupassant,Other,Other,manual/processed/coco-by-guy-de-maupassant-0000-0159.txt
DEAD WOMAN'S SECRET,Guy de Maupassant,Other,Other,manual/processed/dead-woman-s-secret-by-guy-de-maupassant-0000-0160.txt
A HUMBLE DRAMA,Guy de Maupassant,Other,Other,manual/processed/a-humble-drama-by-guy-de-maupassant-0000-0161.txt
MADEMOISELLE COCOTTE,Guy de Maupassant,Other,Other,manual/processed/mademoiselle-cocotte-by-guy-de-maupassant-0000-0162.txt
THE CORSICAN BANDIT,Guy de Maupassant,Other,Other,manual/processed/the-corsican-bandit-by-guy-de-maupassant-0000-0163.txt
THE GRAVE,Guy de Maupassant,Other,Other,manual/processed/the-grave-by-guy-de-maupassant-0000-0164.txt
OLD JUDAS,Guy de Maupassant,Other,Other,manual/processed/old-judas-by-guy-de-maupassant-0000-0165.txt
THE LITTLE CASK,Guy de Maupassant,Other,Other,manual/processed/the-little-cask-by-guy-de-maupassant-0000-0166.txt
BOITELLE,Guy de Maupassant,Other,Other,manual/processed/boitelle-by-guy-de-maupassant-0000-0167.txt
A WIDOW,Guy de Maupassant,Other,Other,manual/processed/a-widow-by-guy-de-maupassant-0000-0168.txt
THE ENGLISHMAN OF ETRETAT,Guy de Maupassant,Other,Other,manual/processed/the-englishman-of-etretat-by-guy-de-maupassant-0000-0169.txt
MAGNETISM,Guy de Maupassant,Other,Other,manual/processed/magnetism-by-guy-de-maupassant-0000-0170.txt
A FATHER'S CONFESSION,Guy de Maupassant,Other,Other,manual/processed/a-father-s-confession-by-guy-de-maupassant-0000-0171.txt
A MOTHER OF MONSTERS,Guy de Maupassant,Other,Other,manual/processed/a-mother-of-monsters-by-guy-de-maupassant-0000-0172.txt
AN UNCOMFORTABLE BED,Guy de Maupassant,Other,Other,manual/processed/an-uncomfortable-bed-by-guy-de-maupassant-0000-0173.txt
A PORTRAIT,Guy de Maupassant,Other,Other,manual/processed/a-portrait-by-guy-de-maupassant-0000-0174.txt
THE DRUNKARD,Guy de Maupassant,Other,Other,manual/processed/the-drunkard-by-guy-de-maupassant-0000-0175.txt
THE WARDROBE,Guy de Maupassant,Other,Other,manual/processed/the-wardrobe-by-guy-de-maupassant-0000-0176.txt
THE MOUNTAIN POOL,Guy de Maupassant,Other,Other,manual/processed/the-mountain-pool-by-guy-de-maupassant-0000-0177.txt
A CREMATION,Guy de Maupassant,Other,Other,manual/processed/a-cremation-by-guy-de-maupassant-0000-0178.txt
MISTI,Guy de Maupassant,Other,Other,manual/processed/misti-by-guy-de-maupassant-0000-0179.txt
MADAME HERMET,Guy de Maupassant,Other,Other,manual/processed/madame-hermet-by-guy-de-maupassant-0000-0180.txt
THE MAGIC COUCH,Guy de Maupassant,Other,Other,manual/processed/the-magic-couch-by-guy-de-maupassant-0000-0181.txt
THE GOLD-BUG,Edgar Allan Poe,Other,Other,manual/processed/the-gold-bug-by-edgar-allan-poe-0001-0000.txt
FOUR BEASTS IN ONE—THE HOMO-CAMELEOPARD,Edgar Allan Poe,Other,Other,manual/processed/four-beasts-in-one-the-homo-cameleopard-by-edgar-allan-poe-0001-0001.txt
THE MURDERS IN THE RUE MORGUE,Edgar Allan Poe,Other,Other,manual/processed/the-murders-in-the-rue-morgue-by-edgar-allan-poe-0001-0002.txt
THE MYSTERY OF MARIE ROGET,Edgar Allan Poe,Other,Other,manual/processed/the-mystery-of-marie-roget-by-edgar-allan-poe-0001-0003.txt
THE BALLOON-HOAX,Edgar Allan Poe,Other,Other,manual/processed/the-balloon-hoax-by-edgar-allan-poe-0001-0004.txt
MS. FOUND IN A BOTTLE,Edgar Allan Poe,Other,Other,manual/processed/ms-found-in-a-bottle-by-edgar-allan-poe-0001-0005.txt
THE OVAL PORTRAIT,Edgar Allan Poe,Other,Other,manual/processed/the-oval-portrait-by-edgar-allan-poe-0001-0006.txt
THE PURLOINED LETTER,Edgar Allan Poe,Other,Other,manual/processed/the-purloined-letter-by-edgar-allan-poe-0001-0007.txt
A DESCENT INTO THE MAELSTR?M.,Edgar Allan Poe,Other,Other,manual/processed/a-descent-into-the-maelstr-m-by-edgar-allan-poe-0001-0008.txt
VON KEMPELEN AND HIS DISCOVERY,Edgar Allan Poe,Other,Other,manual/processed/von-kempelen-and-his-discovery-by-edgar-allan-poe-0001-0009.txt
MESMERIC REVELATION,Edgar Allan Poe,Other,Other,manual/processed/mesmeric-revelation-by-edgar-allan-poe-0001-0010.txt
THE FACTS IN THE CASE OF M. VALDEMAR,Edgar Allan Poe,Other,Other,manual/processed/the-facts-in-the-case-of-m-valdemar-by-edgar-allan-poe-0001-0011.txt
THE BLACK CAT.,Edgar Allan Poe,Other,Other,manual/processed/the-black-cat-by-edgar-allan-poe-0001-0012.txt
THE FALL OF THE HOUSE OF USHER,Edgar Allan Poe,Other,Other,manual/processed/the-fall-of-the-house-of-usher-by-edgar-allan-poe-0001-0013.txt
SILENCE—A FABLE,Edgar Allan Poe,Other,Other,manual/processed/silence-a-fable-by-edgar-allan-poe-0001-0014.txt
THE MASQUE OF THE RED DEATH.,Edgar Allan Poe,Other,Other,manual/processed/the-masque-of-the-red-death-by-edgar-allan-poe-0001-0015.txt
THE CASK OF AMONTILLADO.,Edgar Allan Poe,Other,Other,manual/processed/the-cask-of-amontillado-by-edgar-allan-poe-0001-0016.txt
THE IMP OF THE PERVERSE,Edgar Allan Poe,Other,Other,manual/processed/the-imp-of-the-perverse-by-edgar-allan-poe-0001-0017.txt
THE ISLAND OF THE FAY,Edgar Allan Poe,Other,Other,manual/processed/the-island-of-the-fay-by-edgar-allan-poe-0001-0018.txt
THE ASSIGNATION,Edgar Allan Poe,Other,Other,manual/processed/the-assignation-by-edgar-allan-poe-0001-0019.txt
THE PIT AND THE PENDULUM,Edgar Allan Poe,Other,Other,manual/processed/the-pit-and-the-pendulum-by-edgar-allan-poe-0001-0020.txt
THE PREMATURE BURIAL,Edgar Allan Poe,Other,Other,manual/processed/the-premature-burial-by-edgar-allan-poe-0001-0021.txt
THE DOMAIN OF ARNHEIM,Edgar Allan Poe,Other,Other,manual/processed/the-domain-of-arnheim-by-edgar-allan-poe-0001-0022.txt
LANDOR'S COTTAGE,Edgar Allan Poe,Other,Other,manual/processed/landor-s-cottage-by-edgar-allan-poe-0001-0023.txt
WILLIAM WILSON,Edgar Allan Poe,Other,Other,manual/processed/william-wilson-by-edgar-allan-poe-0001-0024.txt
THE TELL-TALE HEART.,Edgar Allan Poe,Other,Other,manual/processed/the-tell-tale-heart-by-edgar-allan-poe-0001-0025.txt
BERENICE,Edgar Allan Poe,Other,Other,manual/processed/berenice-by-edgar-allan-poe-0001-0026.txt
ELEONORA,Edgar Allan Poe,Other,Other,manual/processed/eleonora-by-edgar-allan-poe-0001-0027.txt
NARRATIVE OF A. GORDON PYM,Edgar Allan Poe,Other,Other,manual/processed/narrative-of-a-gordon-pym-by-edgar-allan-poe-0001-0028.txt
LIGEIA,Edgar Allan Poe,Other,Other,manual/processed/ligeia-by-edgar-allan-poe-0001-0029.txt
MORELLA,Edgar Allan Poe,Other,Other,manual/processed/morella-by-edgar-allan-poe-0001-0030.txt
A TALE OF THE RAGGED MOUNTAINS,Edgar Allan Poe,Other,Other,manual/processed/a-tale-of-the-ragged-mountains-by-edgar-allan-poe-0001-0031.txt
THE SPECTACLES,Edgar Allan Poe,Other,Other,manual/processed/the-spectacles-by-edgar-allan-poe-0001-0032.txt
KING PEST.,Edgar Allan Poe,Other,Other,manual/processed/king-pest-by-edgar-allan-poe-0001-0033.txt
THREE SUNDAYS IN A WEEK,Edgar Allan Poe,Other,Other,manual/processed/three-sundays-in-a-week-by-edgar-allan-poe-0001-0034.txt
THE DEVIL IN THE BELFRY,Edgar Allan Poe,Other,Other,manual/processed/the-devil-in-the-belfry-by-edgar-allan-poe-0001-0035.txt
LIONIZING,Edgar Allan Poe,Other,Other,manual/processed/lionizing-by-edgar-allan-poe-0001-0036.txt
X-ING A PARAGRAPH,Edgar Allan Poe,Other,Other,manual/processed/x-ing-a-paragraph-by-edgar-allan-poe-0001-0037.txt
METZENGERSTEIN,Edgar Allan Poe,Other,Other,manual/processed/metzengerstein-by-edgar-allan-poe-0001-0038.txt
HOW TO WRITE A BLACKWOOD ARTICLE.,Edgar Allan Poe,Other,Other,manual/processed/how-to-write-a-blackwood-article-by-edgar-allan-poe-0001-0039.txt
A PREDICAMENT,Edgar Allan Poe,Other,Other,manual/processed/a-predicament-by-edgar-allan-poe-0001-0040.txt
MYSTIFICATION,Edgar Allan Poe,Other,Other,manual/processed/mystification-by-edgar-allan-poe-0001-0041.txt
DIDDLING,Edgar Allan Poe,Other,Other,manual/processed/diddling-by-edgar-allan-poe-0001-0042.txt
THE ANGEL OF THE ODD,Edgar Allan Poe,Other,Other,manual/processed/the-angel-of-the-odd-by-edgar-allan-poe-0001-0043.txt
MELLONTA TAUTA,Edgar Allan Poe,Other,Other,manual/processed/mellonta-tauta-by-edgar-allan-poe-0001-0044.txt
THE DUC DE L'OMELETTE.,Edgar Allan Poe,Other,Other,manual/processed/the-duc-de-l-omelette-by-edgar-allan-poe-0001-0045.txt
THE OBLONG BOX.,Edgar Allan Poe,Other,Other,manual/processed/the-oblong-box-by-edgar-allan-poe-0001-0046.txt
LOSS OF BREATH,Edgar Allan Poe,Other,Other,manual/processed/loss-of-breath-by-edgar-allan-poe-0001-0047.txt
THE MAN THAT WAS USED UP.,Edgar Allan Poe,Other,Other,manual/processed/the-man-that-was-used-up-by-edgar-allan-poe-0001-0048.txt
THE BUSINESS MAN,Edgar Allan Poe,Other,Other,manual/processed/the-business-man-by-edgar-allan-poe-0001-0049.txt
THE LANDSCAPE GARDEN,Edgar Allan Poe,Other,Other,manual/processed/the-landscape-garden-by-edgar-allan-poe-0001-0050.txt
MAELZEL'S CHESS-PLAYER,Edgar Allan Poe,Other,Other,manual/processed/maelzel-s-chess-player-by-edgar-allan-poe-0001-0051.txt
THE POWER OF WORDS,Edgar Allan Poe,Other,Other,manual/processed/the-power-of-words-by-edgar-allan-poe-0001-0052.txt
THE COLLOQUY OF MONOS AND UNA,Edgar Allan Poe,Other,Other,manual/processed/the-colloquy-of-monos-and-una-by-edgar-allan-poe-0001-0053.txt
THE CONVERSATION OF EIROS AND CHARMION,Edgar Allan Poe,Other,Other,manual/processed/the-conversation-of-eiros-and-charmion-by-edgar-allan-poe-0001-0054.txt
SHADOW—A PARABLE,Edgar Allan Poe,Other,Other,manual/processed/shadow-a-parable-by-edgar-allan-poe-0001-0055.txt
PHILOSOPHY OF FURNITURE.,Edgar Allan Poe,Other,Other,manual/processed/philosophy-of-furniture-by-edgar-allan-poe-0001-0056.txt
A TALE OF JERUSALEM,Edgar Allan Poe,Other,Other,manual/processed/a-tale-of-jerusalem-by-edgar-allan-poe-0001-0057.txt
THE SPHINX,Edgar Allan Poe,Other,Other,manual/processed/the-sphinx-by-edgar-allan-poe-0001-0058.txt
HOP-FROG,Edgar Allan Poe,Other,Other,manual/processed/hop-frog-by-edgar-allan-poe-0001-0059.txt
THE MAN OF THE CROWD.,Edgar Allan Poe,Other,Other,manual/processed/the-man-of-the-crowd-by-edgar-allan-poe-0001-0060.txt
NEVER BET THE DEVIL YOUR HEAD,Edgar Allan Poe,Other,Other,manual/processed/never-bet-the-devil-your-head-by-edgar-allan-poe-0001-0061.txt
THOU ART THE MAN,Edgar Allan Poe,Other,Other,manual/processed/thou-art-the-man-by-edgar-allan-poe-0001-0062.txt
SOME WORDS WITH A MUMMY.,Edgar Allan Poe,Other,Other,manual/processed/some-words-with-a-mummy-by-edgar-allan-poe-0001-0063.txt
THE POETIC PRINCIPLE,Edgar Allan Poe,Other,Other,manual/processed/the-poetic-principle-by-edgar-allan-poe-0001-0064.txt
OLD ENGLISH POETRY,Edgar Allan Poe,Other,Other,manual/processed/old-english-poetry-by-edgar-allan-poe-0001-0065.txt
THE RAVEN.,Edgar Allan Poe,Other,Other,manual/processed/the-raven-by-edgar-allan-poe-0001-0066.txt
THE BELLS.,Edgar Allan Poe,Other,Other,manual/processed/the-bells-by-edgar-allan-poe-0001-0067.txt
ULALUME,Edgar Allan Poe,Other,Other,manual/processed/ulalume-by-edgar-allan-poe-0001-0068.txt
TO HELEN,Edgar Allan Poe,Other,Other,manual/processed/to-helen-by-edgar-allan-poe-0001-0069.txt
ANNABEL LEE.,Edgar Allan Poe,Other,Other,manual/processed/annabel-lee-by-edgar-allan-poe-0001-0070.txt
A VALENTINE.,Edgar Allan Poe,Other,Other,manual/processed/a-valentine-by-edgar-allan-poe-0001-0071.txt
AN ENIGMA,Edgar Allan Poe,Other,Other,manual/processed/an-enigma-by-edgar-allan-poe-0001-0072.txt
FOR ANNIE,Edgar Allan Poe,Other,Other,manual/processed/for-annie-by-edgar-allan-poe-0001-0073.txt
TO F——.,Edgar Allan Poe,Other,Other,manual/processed/to-f-by-edgar-allan-poe-0001-0074.txt
TO FRANCES S. OSGOOD,Edgar Allan Poe,Other,Other,manual/processed/to-frances-s-osgood-by-edgar-allan-poe-0001-0075.txt
ELDORADO.,Edgar Allan Poe,Other,Other,manual/processed/eldorado-by-edgar-allan-poe-0001-0076.txt
TO MARIE LOUISE (SHEW),Edgar Allan Poe,Other,Other,manual/processed/to-marie-louise-shew-by-edgar-allan-poe-0001-0077.txt
TO MARIE LOUISE (SHEW),Edgar Allan Poe,Other,Other,manual/processed/to-marie-louise-shew-by-edgar-allan-poe-0001-0078.txt
THE CITY IN THE SEA.,Edgar Allan Poe,Other,Other,manual/processed/the-city-in-the-sea-by-edgar-allan-poe-0001-0079.txt
THE SLEEPER.,Edgar Allan Poe,Other,Other,manual/processed/the-sleeper-by-edgar-allan-poe-0001-0080.txt
LENORE,Edgar Allan Poe,Other,Other,manual/processed/lenore-by-edgar-allan-poe-0001-0081.txt
TO ONE IN PARADISE.,Edgar Allan Poe,Other,Other,manual/processed/to-one-in-paradise-by-edgar-allan-poe-0001-0082.txt
THE COLISEUM.,Edgar Allan Poe,Other,Other,manual/processed/the-coliseum-by-edgar-allan-poe-0001-0083.txt
THE HAUNTED PALACE.,Edgar Allan Poe,Other,Other,manual/processed/the-haunted-palace-by-edgar-allan-poe-0001-0084.txt
THE CONQUEROR WORM.,Edgar Allan Poe,Other,Other,manual/processed/the-conqueror-worm-by-edgar-allan-poe-0001-0085.txt
SILENCE,Edgar Allan Poe,Other,Other,manual/processed/silence-by-edgar-allan-poe-0001-0086.txt
DREAM-LAND,Edgar Allan Poe,Other,Other,manual/processed/dream-land-by-edgar-allan-poe-0001-0087.txt
HYMN,Edgar Allan Poe,Other,Other,manual/processed/hymn-by-edgar-allan-poe-0001-0088.txt
TO ZANTE,Edgar Allan Poe,Other,Other,manual/processed/to-zante-by-edgar-allan-poe-0001-0089.txt
"SCENES FROM ""POLITIAN""",Edgar Allan Poe,Other,Other,manual/processed/scenes-from-politian-by-edgar-allan-poe-0001-0090.txt
LETTER TO MR. B—.,Edgar Allan Poe,Other,Other,manual/processed/letter-to-mr-b-by-edgar-allan-poe-0001-0091.txt
SONNET—TO SCIENCE,Edgar Allan Poe,Other,Other,manual/processed/sonnet-to-science-by-edgar-allan-poe-0001-0092.txt
AL AARAAF,Edgar Allan Poe,Other,Other,manual/processed/al-aaraaf-by-edgar-allan-poe-0001-0093.txt
TAMERLANE,Edgar Allan Poe,Other,Other,manual/processed/tamerlane-by-edgar-allan-poe-0001-0094.txt
TO HELEN,Edgar Allan Poe,Other,Other,manual/processed/to-helen-by-edgar-allan-poe-0001-0095.txt
THE VALLEY OF UNREST,Edgar Allan Poe,Other,Other,manual/processed/the-valley-of-unrest-by-edgar-allan-poe-0001-0096.txt
ISRAFEL,Edgar Allan Poe,Other,Other,manual/processed/israfel-by-edgar-allan-poe-0001-0097.txt
TO ——,Edgar Allan Poe,Other,Other,manual/processed/to-by-edgar-allan-poe-0001-0098.txt
TO ——,Edgar Allan Poe,Other,Other,manual/processed/to-by-edgar-allan-poe-0001-0099.txt
TO THE RIVER——,Edgar Allan Poe,Other,Other,manual/processed/to-the-river-by-edgar-allan-poe-0001-0100.txt
SONG,Edgar Allan Poe,Other,Other,manual/processed/song-by-edgar-allan-poe-0001-0101.txt
SPIRITS OF THE DEAD,Edgar Allan Poe,Other,Other,manual/processed/spirits-of-the-dead-by-edgar-allan-poe-0001-0102.txt
A DREAM,Edgar Allan Poe,Other,Other,manual/processed/a-dream-by-edgar-allan-poe-0001-0103.txt
ROMANCE,Edgar Allan Poe,Other,Other,manual/processed/romance-by-edgar-allan-poe-0001-0104.txt
FAIRY-LAND,Edgar Allan Poe,Other,Other,manual/processed/fairy-land-by-edgar-allan-poe-0001-0105.txt
THE LAKE —— TO——,Edgar Allan Poe,Other,Other,manual/processed/the-lake-to-by-edgar-allan-poe-0001-0106.txt
EVENING STAR,Edgar Allan Poe,Other,Other,manual/processed/evening-star-by-edgar-allan-poe-0001-0107.txt
"""THE HAPPIEST DAY.""",Edgar Allan Poe,Other,Other,manual/processed/the-happiest-day-by-edgar-allan-poe-0001-0108.txt
IMITATION,Edgar Allan Poe,Other,Other,manual/processed/imitation-by-edgar-allan-poe-0001-0109.txt
HYMN TO ARISTOGEITON AND HARMODIUS,Edgar Allan Poe,Other,Other,manual/processed/hymn-to-aristogeiton-and-harmodius-by-edgar-allan-poe-0001-0110.txt
DREAMS,Edgar Allan Poe,Other,Other,manual/processed/dreams-by-edgar-allan-poe-0001-0111.txt
"""IN YOUTH I HAVE KNOWN ONE""",Edgar Allan Poe,Other,Other,manual/processed/in-youth-i-have-known-one-by-edgar-allan-poe-0001-0112.txt
NOTES,NA,Other,Other,manual/processed/notes-by-na-0001-0113.txt
ALONE,Edgar Allan Poe,Other,Other,manual/processed/alone-by-edgar-allan-poe-0001-0114.txt
TO ISADORE,Edgar Allan Poe,Other,Other,manual/processed/to-isadore-by-edgar-allan-poe-0001-0115.txt
THE VILLAGE STREET,Edgar Allan Poe,Other,Other,manual/processed/the-village-street-by-edgar-allan-poe-0001-0116.txt
THE FOREST REVERIE,Edgar Allan Poe,Other,Other,manual/processed/the-forest-reverie-by-edgar-allan-poe-0001-0117.txt
NOTES,NA,Other,Other,manual/processed/notes-by-na-0001-0118.txt
ARMY HEADQUARTERS,Rudyard Kipling,Other,Other,manual/processed/army-headquarters-by-rudyard-kipling-0002-0000.txt
"STUDY OF AN ELEVATION, IN INDIAN INK",Rudyard Kipling,Other,Other,manual/processed/study-of-an-elevation-in-indian-ink-by-rudyard-kipling-0002-0001.txt
A LEGEND,Rudyard Kipling,Other,Other,manual/processed/a-legend-by-rudyard-kipling-0002-0002.txt
THE STORY OF URIAH,Rudyard Kipling,Other,Other,manual/processed/the-story-of-uriah-by-rudyard-kipling-0002-0003.txt
THE POST THAT FITTED,Rudyard Kipling,Other,Other,manual/processed/the-post-that-fitted-by-rudyard-kipling-0002-0004.txt
DELILAH,Rudyard Kipling,Other,Other,manual/processed/delilah-by-rudyard-kipling-0002-0005.txt
WHAT HAPPENED,Rudyard Kipling,Other,Other,manual/processed/what-happened-by-rudyard-kipling-0002-0006.txt
PINK DOMINOES,Rudyard Kipling,Other,Other,manual/processed/pink-dominoes-by-rudyard-kipling-0002-0007.txt
THE MAN WHO COULD WRITE,Rudyard Kipling,Other,Other,manual/processed/the-man-who-could-write-by-rudyard-kipling-0002-0008.txt
MUNICIPAL,Rudyard Kipling,Other,Other,manual/processed/municipal-by-rudyard-kipling-0002-0009.txt
A CODE OF MORALS,Rudyard Kipling,Other,Other,manual/processed/a-code-of-morals-by-rudyard-kipling-0002-0010.txt
THE LAST DEPARTMENT,Rudyard Kipling,Other,Other,manual/processed/the-last-department-by-rudyard-kipling-0002-0011.txt
OTHER VERSES,Rudyard Kipling,Other,Other,manual/processed/other-verses-by-rudyard-kipling-0002-0012.txt
THE VAMPIRE,Rudyard Kipling,Other,Other,manual/processed/the-vampire-by-rudyard-kipling-0002-0013.txt
TO THE UNKNOWN GODDESS,Rudyard Kipling,Other,Other,manual/processed/to-the-unknown-goddess-by-rudyard-kipling-0002-0014.txt
THE RUPAIYAT OF OMAR KAL'VIN,Rudyard Kipling,Other,Other,manual/processed/the-rupaiyat-of-omar-kal-vin-by-rudyard-kipling-0002-0015.txt
LA NUIT BLANCHE,Rudyard Kipling,Other,Other,manual/processed/la-nuit-blanche-by-rudyard-kipling-0002-0016.txt
MY RIVAL,Rudyard Kipling,Other,Other,manual/processed/my-rival-by-rudyard-kipling-0002-0017.txt
THE LOVERS' LITANY,Rudyard Kipling,Other,Other,manual/processed/the-lovers-litany-by-rudyard-kipling-0002-0018.txt
A BALLAD OF BURIAL,Rudyard Kipling,Other,Other,manual/processed/a-ballad-of-burial-by-rudyard-kipling-0002-0019.txt
DIVIDED DESTINIES,Rudyard Kipling,Other,Other,manual/processed/divided-destinies-by-rudyard-kipling-0002-0020.txt
THE MASQUE OF PLENTY,Rudyard Kipling,Other,Other,manual/processed/the-masque-of-plenty-by-rudyard-kipling-0002-0021.txt
THE MARE'S NEST,Rudyard Kipling,Other,Other,manual/processed/the-mare-s-nest-by-rudyard-kipling-0002-0022.txt
POSSIBILITIES,Rudyard Kipling,Other,Other,manual/processed/possibilities-by-rudyard-kipling-0002-0023.txt
CHRISTMAS IN INDIA,Rudyard Kipling,Other,Other,manual/processed/christmas-in-india-by-rudyard-kipling-0002-0024.txt
"PAGETT, M.P.",Rudyard Kipling,Other,Other,manual/processed/pagett-m-p-by-rudyard-kipling-0002-0025.txt
THE SONG OF THE WOMEN,Rudyard Kipling,Other,Other,manual/processed/the-song-of-the-women-by-rudyard-kipling-0002-0026.txt
A BALLAD OF JAKKO HILL,Rudyard Kipling,Other,Other,manual/processed/a-ballad-of-jakko-hill-by-rudyard-kipling-0002-0027.txt
THE PLEA OF THE SIMLA DANCERS,Rudyard Kipling,Other,Other,manual/processed/the-plea-of-the-simla-dancers-by-rudyard-kipling-0002-0028.txt
THE BALLAD OF FISHER'S BOARDING-HOUSE,Rudyard Kipling,Other,Other,manual/processed/the-ballad-of-fisher-s-boarding-house-by-rudyard-kipling-0002-0029.txt
AS THE BELL CLINKS,Rudyard Kipling,Other,Other,manual/processed/as-the-bell-clinks-by-rudyard-kipling-0002-0030.txt
AN OLD SONG,Rudyard Kipling,Other,Other,manual/processed/an-old-song-by-rudyard-kipling-0002-0031.txt
CERTAIN MAXIMS OF HAFIZ,Rudyard Kipling,Other,Other,manual/processed/certain-maxims-of-hafiz-by-rudyard-kipling-0002-0032.txt
THE GRAVE OF THE HUNDRED HEAD,Rudyard Kipling,Other,Other,manual/processed/the-grave-of-the-hundred-head-by-rudyard-kipling-0002-0033.txt
THE MOON OF OTHER DAYS,Rudyard Kipling,Other,Other,manual/processed/the-moon-of-other-days-by-rudyard-kipling-0002-0034.txt
THE UNDERTAKER'S HORSE,Rudyard Kipling,Other,Other,manual/processed/the-undertaker-s-horse-by-rudyard-kipling-0002-0035.txt
THE FALL OF JOCK GILLESPIE,Rudyard Kipling,Other,Other,manual/processed/the-fall-of-jock-gillespie-by-rudyard-kipling-0002-0036.txt
ARITHMETIC ON THE FRONTIER,Rudyard Kipling,Other,Other,manual/processed/arithmetic-on-the-frontier-by-rudyard-kipling-0002-0037.txt
THE BETROTHED,Rudyard Kipling,Other,Other,manual/processed/the-betrothed-by-rudyard-kipling-0002-0038.txt
A TALE OF TWO CITIES,Rudyard Kipling,Other,Other,manual/processed/a-tale-of-two-cities-by-rudyard-kipling-0002-0039.txt
BALLADS,Rudyard Kipling,Other,Other,manual/processed/ballads-by-rudyard-kipling-0002-0040.txt
THE BALLAD OF EAST AND WEST,Rudyard Kipling,Other,Other,manual/processed/the-ballad-of-east-and-west-by-rudyard-kipling-0002-0041.txt
THE LAST SUTTEE,Rudyard Kipling,Other,Other,manual/processed/the-last-suttee-by-rudyard-kipling-0002-0042.txt
THE BALLAD OF THE KING'S MERCY,Rudyard Kipling,Other,Other,manual/processed/the-ballad-of-the-king-s-mercy-by-rudyard-kipling-0002-0043.txt
THE BALLAD OF THE KING'S JEST,Rudyard Kipling,Other,Other,manual/processed/the-ballad-of-the-king-s-jest-by-rudyard-kipling-0002-0044.txt
THE BALLAD OF BOH DA THONE,Rudyard Kipling,Other,Other,manual/processed/the-ballad-of-boh-da-thone-by-rudyard-kipling-0002-0045.txt
THE LAMENT OF THE BORDER CATTLE THIEF,Rudyard Kipling,Other,Other,manual/processed/the-lament-of-the-border-cattle-thief-by-rudyard-kipling-0002-0046.txt
THE RHYME OF THE THREE CAPTAINS,Rudyard Kipling,Other,Other,manual/processed/the-rhyme-of-the-three-captains-by-rudyard-kipling-0002-0047.txt
THE BALLAD OF THE CLAMPHERDOWN,Rudyard Kipling,Other,Other,manual/processed/the-ballad-of-the-clampherdown-by-rudyard-kipling-0002-0048.txt
THE BALLAD OF THE “BOLIVAR”,Rudyard Kipling,Other,Other,manual/processed/the-ballad-of-the-bolivar-by-rudyard-kipling-0002-0049.txt
THE ENGLISH FLAG,Rudyard Kipling,Other,Other,manual/processed/the-english-flag-by-rudyard-kipling-0002-0050.txt
AN IMPERIAL RESCRIPT,Rudyard Kipling,Other,Other,manual/processed/an-imperial-rescript-by-rudyard-kipling-0002-0051.txt
TOMLINSON,Rudyard Kipling,Other,Other,manual/processed/tomlinson-by-rudyard-kipling-0002-0052.txt
BARRACK-ROOM BALLADS,Rudyard Kipling,Other,Other,manual/processed/barrack-room-ballads-by-rudyard-kipling-0002-0053.txt
TOMMY,Rudyard Kipling,Other,Other,manual/processed/tommy-by-rudyard-kipling-0002-0054.txt
"SOLDIER, SOLDIER",Rudyard Kipling,Other,Other,manual/processed/soldier-soldier-by-rudyard-kipling-0002-0055.txt
SCREW-GUNS,Rudyard Kipling,Other,Other,manual/processed/screw-guns-by-rudyard-kipling-0002-0056.txt
GUNGA DIN,Rudyard Kipling,Other,Other,manual/processed/gunga-din-by-rudyard-kipling-0002-0057.txt
LOOT,Rudyard Kipling,Other,Other,manual/processed/loot-by-rudyard-kipling-0002-0058.txt
'SNARLEYOW',Rudyard Kipling,Other,Other,manual/processed/snarleyow-by-rudyard-kipling-0002-0059.txt
THE WIDOW AT WINDSOR,Rudyard Kipling,Other,Other,manual/processed/the-widow-at-windsor-by-rudyard-kipling-0002-0060.txt
BELTS,Rudyard Kipling,Other,Other,manual/processed/belts-by-rudyard-kipling-0002-0061.txt
THE YOUNG BRITISH SOLDIER,Rudyard Kipling,Other,Other,manual/processed/the-young-british-soldier-by-rudyard-kipling-0002-0062.txt
MANDALAY,Rudyard Kipling,Other,Other,manual/processed/mandalay-by-rudyard-kipling-0002-0063.txt
FORD O' KABUL RIVER,Rudyard Kipling,Other,Other,manual/processed/ford-o-kabul-river-by-rudyard-kipling-0002-0064.txt
ROUTE MARCHIN',Rudyard Kipling,Other,Other,manual/processed/route-marchin-by-rudyard-kipling-0002-0065.txt
THE PHANTOM 'RICKSHAW,Rudyard Kipling,Other,Other,manual/processed/the-phantom-rickshaw-by-rudyard-kipling-0002-0066.txt
MY OWN TRUE GHOST STORY,Rudyard Kipling,Other,Other,manual/processed/my-own-true-ghost-story-by-rudyard-kipling-0002-0067.txt
THE STRANGE RIDE OF MORROWBIE JUKES,Rudyard Kipling,Other,Other,manual/processed/the-strange-ride-of-morrowbie-jukes-by-rudyard-kipling-0002-0068.txt
THE MAN WHO WOULD BE KING,Rudyard Kipling,Other,Other,manual/processed/the-man-who-would-be-king-by-rudyard-kipling-0002-0069.txt
“THE FINEST STORY IN THE WORLD”,Rudyard Kipling,Other,Other,manual/processed/the-finest-story-in-the-world-by-rudyard-kipling-0002-0070.txt
THE EDUCATION OF OTIS YEERE,Rudyard Kipling,Other,Other,manual/processed/the-education-of-otis-yeere-by-rudyard-kipling-0002-0071.txt
AT THE PIT'S MOUTH,Rudyard Kipling,Other,Other,manual/processed/at-the-pit-s-mouth-by-rudyard-kipling-0002-0072.txt
A WAYSIDE COMEDY,Rudyard Kipling,Other,Other,manual/processed/a-wayside-comedy-by-rudyard-kipling-0002-0073.txt
THE HILL OF ILLUSION,Rudyard Kipling,Other,Other,manual/processed/the-hill-of-illusion-by-rudyard-kipling-0002-0074.txt
A SECOND-RATE WOMAN,Rudyard Kipling,Other,Other,manual/processed/a-second-rate-woman-by-rudyard-kipling-0002-0075.txt
ONLY A SUBALTERN,Rudyard Kipling,Other,Other,manual/processed/only-a-subaltern-by-rudyard-kipling-0002-0076.txt
IN THE MATTER OF A PRIVATE,Rudyard Kipling,Other,Other,manual/processed/in-the-matter-of-a-private-by-rudyard-kipling-0002-0077.txt
"THE ENLIGHTENMENTS OF PAGETT, M.P.",Rudyard Kipling,Other,Other,manual/processed/the-enlightenments-of-pagett-m-p-by-rudyard-kipling-0002-0078.txt
THREE AND—AN EXTRA.,Rudyard Kipling,Other,Other,manual/processed/three-and-an-extra-by-rudyard-kipling-0002-0079.txt
THROWN AWAY.,Rudyard Kipling,Other,Other,manual/processed/thrown-away-by-rudyard-kipling-0002-0080.txt
MISS YOUGHAL'S SAIS.,Rudyard Kipling,Other,Other,manual/processed/miss-youghal-s-sais-by-rudyard-kipling-0002-0081.txt
YOKED WITH AN UNBELIEVER.,Rudyard Kipling,Other,Other,manual/processed/yoked-with-an-unbeliever-by-rudyard-kipling-0002-0082.txt
FALSE DAWN.,Rudyard Kipling,Other,Other,manual/processed/false-dawn-by-rudyard-kipling-0002-0083.txt
THE RESCUE OF PLUFFLES.,Rudyard Kipling,Other,Other,manual/processed/the-rescue-of-pluffles-by-rudyard-kipling-0002-0084.txt
CUPID'S ARROWS.,Rudyard Kipling,Other,Other,manual/processed/cupid-s-arrows-by-rudyard-kipling-0002-0085.txt
HIS CHANCE IN LIFE.,Rudyard Kipling,Other,Other,manual/processed/his-chance-in-life-by-rudyard-kipling-0002-0086.txt
WATCHES OF THE NIGHT.,Rudyard Kipling,Other,Other,manual/processed/watches-of-the-night-by-rudyard-kipling-0002-0087.txt
THE OTHER MAN.,Rudyard Kipling,Other,Other,manual/processed/the-other-man-by-rudyard-kipling-0002-0088.txt
CONSEQUENCES.,Rudyard Kipling,Other,Other,manual/processed/consequences-by-rudyard-kipling-0002-0089.txt
THE CONVERSION OF AURELIAN McGOGGIN.,Rudyard Kipling,Other,Other,manual/processed/the-conversion-of-aurelian-mcgoggin-by-rudyard-kipling-0002-0090.txt
A GERM DESTROYER.,Rudyard Kipling,Other,Other,manual/processed/a-germ-destroyer-by-rudyard-kipling-0002-0091.txt
KIDNAPPED.,Rudyard Kipling,Other,Other,manual/processed/kidnapped-by-rudyard-kipling-0002-0092.txt
THE ARREST OF LIEUTENANT GOLIGHTLY.,Rudyard Kipling,Other,Other,manual/processed/the-arrest-of-lieutenant-golightly-by-rudyard-kipling-0002-0093.txt
THE HOUSE OF SUDDHOO,Rudyard Kipling,Other,Other,manual/processed/the-house-of-suddhoo-by-rudyard-kipling-0002-0094.txt
HIS WEDDED WIFE.,Rudyard Kipling,Other,Other,manual/processed/his-wedded-wife-by-rudyard-kipling-0002-0095.txt
THE BROKEN LINK HANDICAPPED.,Rudyard Kipling,Other,Other,manual/processed/the-broken-link-handicapped-by-rudyard-kipling-0002-0096.txt
BEYOND THE PALE.,Rudyard Kipling,Other,Other,manual/processed/beyond-the-pale-by-rudyard-kipling-0002-0097.txt
IN ERROR.,Rudyard Kipling,Other,Other,manual/processed/in-error-by-rudyard-kipling-0002-0098.txt
A BANK FRAUD.,Rudyard Kipling,Other,Other,manual/processed/a-bank-fraud-by-rudyard-kipling-0002-0099.txt
TODS' AMENDMENT.,Rudyard Kipling,Other,Other,manual/processed/tods-amendment-by-rudyard-kipling-0002-0100.txt
IN THE PRIDE OF HIS YOUTH.,Rudyard Kipling,Other,Other,manual/processed/in-the-pride-of-his-youth-by-rudyard-kipling-0002-0101.txt
PIG.,Rudyard Kipling,Other,Other,manual/processed/pig-by-rudyard-kipling-0002-0102.txt
THE ROUT OF THE WHITE HUSSARS.,Rudyard Kipling,Other,Other,manual/processed/the-rout-of-the-white-hussars-by-rudyard-kipling-0002-0103.txt
THE BRONCKHORST DIVORCE-CASE.,Rudyard Kipling,Other,Other,manual/processed/the-bronckhorst-divorce-case-by-rudyard-kipling-0002-0104.txt
VENUS ANNODOMINI.,Rudyard Kipling,Other,Other,manual/processed/venus-annodomini-by-rudyard-kipling-0002-0105.txt
THE BISARA OF POOREE.,Rudyard Kipling,Other,Other,manual/processed/the-bisara-of-pooree-by-rudyard-kipling-0002-0106.txt
THE GATE OF A HUNDRED SORROWS.,Rudyard Kipling,Other,Other,manual/processed/the-gate-of-a-hundred-sorrows-by-rudyard-kipling-0002-0107.txt
THE STORY OF MUHAMMAD DIN.,Rudyard Kipling,Other,Other,manual/processed/the-story-of-muhammad-din-by-rudyard-kipling-0002-0108.txt
ON THE STRENGTH OF A LIKENESS.,Rudyard Kipling,Other,Other,manual/processed/on-the-strength-of-a-likeness-by-rudyard-kipling-0002-0109.txt
WRESSLEY OF THE FOREIGN OFFICE.,Rudyard Kipling,Other,Other,manual/processed/wressley-of-the-foreign-office-by-rudyard-kipling-0002-0110.txt
BY WORD OF MOUTH.,Rudyard Kipling,Other,Other,manual/processed/by-word-of-mouth-by-rudyard-kipling-0002-0111.txt
TO BE HELD FOR REFERENCE.,Rudyard Kipling,Other,Other,manual/processed/to-be-held-for-reference-by-rudyard-kipling-0002-0112.txt
THE LIGHT THAT FAILED,Rudyard Kipling,Other,Other,manual/processed/the-light-that-failed-by-rudyard-kipling-0002-0113.txt
VOLUME VII THE STORY OF THE GADSBYS,Rudyard Kipling,Other,Other,manual/processed/volume-vii-the-story-of-the-gadsbys-by-rudyard-kipling-0002-0114.txt
BIMI,Rudyard Kipling,Other,Other,manual/processed/bimi-by-rudyard-kipling-0002-0115.txt
NAMGAY DOOLA,Rudyard Kipling,Other,Other,manual/processed/namgay-doola-by-rudyard-kipling-0002-0116.txt
THE RECRUDESCENCE OF IMRAY,Rudyard Kipling,Other,Other,manual/processed/the-recrudescence-of-imray-by-rudyard-kipling-0002-0117.txt
MOTI GUJ—MUTINEER,Rudyard Kipling,Other,Other,manual/processed/moti-guj-mutineer-by-rudyard-kipling-0002-0118.txt
ABORIGINES,Anton Chekhov,Other,Other,manual/processed/aborigines-by-anton-chekhov-0003-0000.txt
ABOUT LOVE,Anton Chekhov,Other,Other,manual/processed/about-love-by-anton-chekhov-0003-0001.txt
ACTOR’S END,Anton Chekhov,Other,Other,manual/processed/actors-end-by-anton-chekhov-0003-0002.txt
ADVENTURE,Anton Chekhov,Other,Other,manual/processed/adventure-by-anton-chekhov-0003-0003.txt
AFTER THE THEATRE,Anton Chekhov,Other,Other,manual/processed/after-the-theatre-by-anton-chekhov-0003-0004.txt
AFTER THE THEATRE,Anton Chekhov,Other,Other,manual/processed/after-the-theatre-by-anton-chekhov-0003-0005.txt
AGAFYA,Anton Chekhov,Other,Other,manual/processed/agafya-by-anton-chekhov-0003-0006.txt
ALBUM,Anton Chekhov,Other,Other,manual/processed/album-by-anton-chekhov-0003-0007.txt
ANNA ON THE NECK,Anton Chekhov,Other,Other,manual/processed/anna-on-the-neck-by-anton-chekhov-0003-0008.txt
ANYUTA,Anton Chekhov,Other,Other,manual/processed/anyuta-by-anton-chekhov-0003-0009.txt
ARIADNE,Anton Chekhov,Other,Other,manual/processed/ariadne-by-anton-chekhov-0003-0010.txt
ART,Anton Chekhov,Other,Other,manual/processed/art-by-anton-chekhov-0003-0011.txt
ARTIST'S STORY,Anton Chekhov,Other,Other,manual/processed/artist-s-story-by-anton-chekhov-0003-0012.txt
AUTUMN NIGHT,Anton Chekhov,Other,Other,manual/processed/autumn-night-by-anton-chekhov-0003-0013.txt
AVENGER,Anton Chekhov,Other,Other,manual/processed/avenger-by-anton-chekhov-0003-0014.txt
BAD BUSINESS,Anton Chekhov,Other,Other,manual/processed/bad-business-by-anton-chekhov-0003-0015.txt
BAD WEATHER,Anton Chekhov,Other,Other,manual/processed/bad-weather-by-anton-chekhov-0003-0016.txt
BARBER’S,Anton Chekhov,Other,Other,manual/processed/barbers-by-anton-chekhov-0003-0017.txt
BEAUTIES,Anton Chekhov,Other,Other,manual/processed/beauties-by-anton-chekhov-0003-0018.txt
BEGGAR,Anton Chekhov,Other,Other,manual/processed/beggar-by-anton-chekhov-0003-0019.txt
BET,Anton Chekhov,Other,Other,manual/processed/bet-by-anton-chekhov-0003-0020.txt
BET,Anton Chekhov,Other,Other,manual/processed/bet-by-anton-chekhov-0003-0021.txt
BET,Anton Chekhov,Other,Other,manual/processed/bet-by-anton-chekhov-0003-0022.txt
BETROTHED,Anton Chekhov,Other,Other,manual/processed/betrothed-by-anton-chekhov-0003-0023.txt
BIRD MARKET,Anton Chekhov,Other,Other,manual/processed/bird-market-by-anton-chekhov-0003-0024.txt
BISHOP,Anton Chekhov,Other,Other,manual/processed/bishop-by-anton-chekhov-0003-0025.txt
BLUNDER,Anton Chekhov,Other,Other,manual/processed/blunder-by-anton-chekhov-0003-0026.txt
BOOTS,Anton Chekhov,Other,Other,manual/processed/boots-by-anton-chekhov-0003-0027.txt
BOYS,Anton Chekhov,Other,Other,manual/processed/boys-by-anton-chekhov-0003-0028.txt
CATTLE-DEALERS,Anton Chekhov,Other,Other,manual/processed/cattle-dealers-by-anton-chekhov-0003-0029.txt
CHAMELEON,Anton Chekhov,Other,Other,manual/processed/chameleon-by-anton-chekhov-0003-0030.txt
CHAMPAGNE,Anton Chekhov,Other,Other,manual/processed/champagne-by-anton-chekhov-0003-0031.txt
CHEMIST’S WIFE,Anton Chekhov,Other,Other,manual/processed/chemists-wife-by-anton-chekhov-0003-0032.txt
CHILDREN,Anton Chekhov,Other,Other,manual/processed/children-by-anton-chekhov-0003-0033.txt
CHORISTERS,Anton Chekhov,Other,Other,manual/processed/choristers-by-anton-chekhov-0003-0034.txt
CHRISTMAS TIME,Anton Chekhov,Other,Other,manual/processed/christmas-time-by-anton-chekhov-0003-0035.txt
CHRISTMAS TREE AND THE WEDDING,Anton Chekhov,Other,Other,manual/processed/christmas-tree-and-the-wedding-by-anton-chekhov-0003-0036.txt
CLASSICAL STUDENT,Anton Chekhov,Other,Other,manual/processed/classical-student-by-anton-chekhov-0003-0037.txt
CLOAK,Anton Chekhov,Other,Other,manual/processed/cloak-by-anton-chekhov-0003-0038.txt
COACH-HOUSE,Anton Chekhov,Other,Other,manual/processed/coach-house-by-anton-chekhov-0003-0039.txt
COOK’S WEDDING,Anton Chekhov,Other,Other,manual/processed/cooks-wedding-by-anton-chekhov-0003-0040.txt
COSSACK,Anton Chekhov,Other,Other,manual/processed/cossack-by-anton-chekhov-0003-0041.txt
COUNTRY COTTAGE,Anton Chekhov,Other,Other,manual/processed/country-cottage-by-anton-chekhov-0003-0042.txt
COUNTRY HOUSE,Anton Chekhov,Other,Other,manual/processed/country-house-by-anton-chekhov-0003-0043.txt
COURT,Anton Chekhov,Other,Other,manual/processed/court-by-anton-chekhov-0003-0044.txt
DARK,Anton Chekhov,Other,Other,manual/processed/dark-by-anton-chekhov-0003-0045.txt
DARKNESS,Anton Chekhov,Other,Other,manual/processed/darkness-by-anton-chekhov-0003-0046.txt
DARLING,Anton Chekhov,Other,Other,manual/processed/darling-by-anton-chekhov-0003-0047.txt
DARLING,Anton Chekhov,Other,Other,manual/processed/darling-by-anton-chekhov-0003-0048.txt
DAUGHTER OF ALBION,Anton Chekhov,Other,Other,manual/processed/daughter-of-albion-by-anton-chekhov-0003-0049.txt
DAY IN THE COUNTRY,Anton Chekhov,Other,Other,manual/processed/day-in-the-country-by-anton-chekhov-0003-0050.txt
DEAD BODY,Anton Chekhov,Other,Other,manual/processed/dead-body-by-anton-chekhov-0003-0051.txt
DEATH OF A GOVERNMENT CLERK,Anton Chekhov,Other,Other,manual/processed/death-of-a-government-clerk-by-anton-chekhov-0003-0052.txt
DEFENCELESS CREATURE,Anton Chekhov,Other,Other,manual/processed/defenceless-creature-by-anton-chekhov-0003-0053.txt
DEPENDENTS,Anton Chekhov,Other,Other,manual/processed/dependents-by-anton-chekhov-0003-0054.txt
DETHRONED,Anton Chekhov,Other,Other,manual/processed/dethroned-by-anton-chekhov-0003-0055.txt
DIARY OF A VIOLENT-TEMPERED MAN,Anton Chekhov,Other,Other,manual/processed/diary-of-a-violent-tempered-man-by-anton-chekhov-0003-0056.txt
DIFFICULT PEOPLE,Anton Chekhov,Other,Other,manual/processed/difficult-people-by-anton-chekhov-0003-0057.txt
DISTRICT DOCTOR,Anton Chekhov,Other,Other,manual/processed/district-doctor-by-anton-chekhov-0003-0058.txt
DOCTOR,Anton Chekhov,Other,Other,manual/processed/doctor-by-anton-chekhov-0003-0059.txt
DREAMS,Anton Chekhov,Other,Other,manual/processed/dreams-by-anton-chekhov-0003-0060.txt
DREARY STORY,Anton Chekhov,Other,Other,manual/processed/dreary-story-by-anton-chekhov-0003-0061.txt
DRUNK,Anton Chekhov,Other,Other,manual/processed/drunk-by-anton-chekhov-0003-0062.txt
DUEL,Anton Chekhov,Other,Other,manual/processed/duel-by-anton-chekhov-0003-0063.txt
EARLY!,Anton Chekhov,Other,Other,manual/processed/early-by-anton-chekhov-0003-0064.txt
EASTER EVE,Anton Chekhov,Other,Other,manual/processed/easter-eve-by-anton-chekhov-0003-0065.txt
ENEMIES,Anton Chekhov,Other,Other,manual/processed/enemies-by-anton-chekhov-0003-0066.txt
ENEMIES,Anton Chekhov,Other,Other,manual/processed/enemies-by-anton-chekhov-0003-0067.txt
ENIGMATIC NATURE,Anton Chekhov,Other,Other,manual/processed/enigmatic-nature-by-anton-chekhov-0003-0068.txt
EXAMINING MAGISTRATE,Anton Chekhov,Other,Other,manual/processed/examining-magistrate-by-anton-chekhov-0003-0069.txt
EXCELLENT PEOPLE,Anton Chekhov,Other,Other,manual/processed/excellent-people-by-anton-chekhov-0003-0070.txt
EXILE,Anton Chekhov,Other,Other,manual/processed/exile-by-anton-chekhov-0003-0071.txt
EXILE,Anton Chekhov,Other,Other,manual/processed/exile-by-anton-chekhov-0003-0072.txt
EXPENSIVE LESSONS,Anton Chekhov,Other,Other,manual/processed/expensive-lessons-by-anton-chekhov-0003-0073.txt
EXPENSIVE LESSONS,Anton Chekhov,Other,Other,manual/processed/expensive-lessons-by-anton-chekhov-0003-0074.txt
FAT AND THIN,Anton Chekhov,Other,Other,manual/processed/fat-and-thin-by-anton-chekhov-0003-0075.txt
FATHER,Anton Chekhov,Other,Other,manual/processed/father-by-anton-chekhov-0003-0076.txt
FIRST-CLASS PASSENGER,Anton Chekhov,Other,Other,manual/processed/first-class-passenger-by-anton-chekhov-0003-0077.txt
FISH,Anton Chekhov,Other,Other,manual/processed/fish-by-anton-chekhov-0003-0078.txt
FROST,Anton Chekhov,Other,Other,manual/processed/frost-by-anton-chekhov-0003-0079.txt
GENTLEMAN FRIEND,Anton Chekhov,Other,Other,manual/processed/gentleman-friend-by-anton-chekhov-0003-0080.txt
GENTLEMAN FRIEND,Anton Chekhov,Other,Other,manual/processed/gentleman-friend-by-anton-chekhov-0003-0081.txt
"GOD SEES THE TRUTH, BUT WAITS",Anton Chekhov,Other,Other,manual/processed/god-sees-the-truth-but-waits-by-anton-chekhov-0003-0082.txt
GONE ASTRAY,Anton Chekhov,Other,Other,manual/processed/gone-astray-by-anton-chekhov-0003-0083.txt
GOOSEBERRIES,Anton Chekhov,Other,Other,manual/processed/gooseberries-by-anton-chekhov-0003-0084.txt
GOOSEBERRIES,Anton Chekhov,Other,Other,manual/processed/gooseberries-by-anton-chekhov-0003-0085.txt
GOUSSIEV,Anton Chekhov,Other,Other,manual/processed/goussiev-by-anton-chekhov-0003-0086.txt
GRASSHOPPER,Anton Chekhov,Other,Other,manual/processed/grasshopper-by-anton-chekhov-0003-0087.txt
GRAVEYARD,Anton Chekhov,Other,Other,manual/processed/graveyard-by-anton-chekhov-0003-0088.txt
GRISHA,Anton Chekhov,Other,Other,manual/processed/grisha-by-anton-chekhov-0003-0089.txt
GUSEV,Anton Chekhov,Other,Other,manual/processed/gusev-by-anton-chekhov-0003-0090.txt
HAPPINESS,Anton Chekhov,Other,Other,manual/processed/happiness-by-anton-chekhov-0003-0091.txt
HAPPY ENDING,Anton Chekhov,Other,Other,manual/processed/happy-ending-by-anton-chekhov-0003-0092.txt
HAPPY MAN,Anton Chekhov,Other,Other,manual/processed/happy-man-by-anton-chekhov-0003-0093.txt
HEAD-GARDENER’S STORY,Anton Chekhov,Other,Other,manual/processed/head-gardeners-story-by-anton-chekhov-0003-0094.txt
HELPMATE,Anton Chekhov,Other,Other,manual/processed/helpmate-by-anton-chekhov-0003-0095.txt
HER LOVER,Anton Chekhov,Other,Other,manual/processed/her-lover-by-anton-chekhov-0003-0096.txt
HIDE AND SEEK,Anton Chekhov,Other,Other,manual/processed/hide-and-seek-by-anton-chekhov-0003-0097.txt
HOME,Anton Chekhov,Other,Other,manual/processed/home-by-anton-chekhov-0003-0098.txt
HOME,Anton Chekhov,Other,Other,manual/processed/home-by-anton-chekhov-0003-0099.txt
HORSE-STEALERS,Anton Chekhov,Other,Other,manual/processed/horse-stealers-by-anton-chekhov-0003-0100.txt
HOTEL,Anton Chekhov,Other,Other,manual/processed/hotel-by-anton-chekhov-0003-0101.txt
HOUSE WITH THE MEZZANINE,Anton Chekhov,Other,Other,manual/processed/house-with-the-mezzanine-by-anton-chekhov-0003-0102.txt
HUNTSMAN,Anton Chekhov,Other,Other,manual/processed/huntsman-by-anton-chekhov-0003-0103.txt
HUSH!,Anton Chekhov,Other,Other,manual/processed/hush-by-anton-chekhov-0003-0104.txt
INADVERTENCE,Anton Chekhov,Other,Other,manual/processed/inadvertence-by-anton-chekhov-0003-0105.txt
INCIDENT,Anton Chekhov,Other,Other,manual/processed/incident-by-anton-chekhov-0003-0106.txt
INQUIRY,Anton Chekhov,Other,Other,manual/processed/inquiry-by-anton-chekhov-0003-0107.txt
IVAN MATVEYITCH,Anton Chekhov,Other,Other,manual/processed/ivan-matveyitch-by-anton-chekhov-0003-0108.txt
JEUNE PREMIER,Anton Chekhov,Other,Other,manual/processed/jeune-premier-by-anton-chekhov-0003-0109.txt
JOKE,Anton Chekhov,Other,Other,manual/processed/joke-by-anton-chekhov-0003-0110.txt
JOY,Anton Chekhov,Other,Other,manual/processed/joy-by-anton-chekhov-0003-0111.txt
KASHTANKA,Anton Chekhov,Other,Other,manual/processed/kashtanka-by-anton-chekhov-0003-0112.txt
KISS,Anton Chekhov,Other,Other,manual/processed/kiss-by-anton-chekhov-0003-0113.txt
LADIES,Anton Chekhov,Other,Other,manual/processed/ladies-by-anton-chekhov-0003-0114.txt
LADY WITH THE TOY DOG,Anton Chekhov,Other,Other,manual/processed/lady-with-the-toy-dog-by-anton-chekhov-0003-0115.txt
LADY’S STORY,Anton Chekhov,Other,Other,manual/processed/ladys-story-by-anton-chekhov-0003-0116.txt
LAZARUS,Anton Chekhov,Other,Other,manual/processed/lazarus-by-anton-chekhov-0003-0117.txt
LETTER,Anton Chekhov,Other,Other,manual/processed/letter-by-anton-chekhov-0003-0118.txt
LIGHTS,Anton Chekhov,Other,Other,manual/processed/lights-by-anton-chekhov-0003-0119.txt
LION AND THE SUN,Anton Chekhov,Other,Other,manual/processed/lion-and-the-sun-by-anton-chekhov-0003-0120.txt
LIVING CALENDAR,Anton Chekhov,Other,Other,manual/processed/living-calendar-by-anton-chekhov-0003-0121.txt
LIVING CHATTEL,Anton Chekhov,Other,Other,manual/processed/living-chattel-by-anton-chekhov-0003-0122.txt
LOOKING-GLASS,Anton Chekhov,Other,Other,manual/processed/looking-glass-by-anton-chekhov-0003-0123.txt
LOTTERY TICKET,Anton Chekhov,Other,Other,manual/processed/lottery-ticket-by-anton-chekhov-0003-0124.txt
LOVE,Anton Chekhov,Other,Other,manual/processed/love-by-anton-chekhov-0003-0125.txt
MALEFACTOR,Anton Chekhov,Other,Other,manual/processed/malefactor-by-anton-chekhov-0003-0126.txt
MALINGERERS,Anton Chekhov,Other,Other,manual/processed/malingerers-by-anton-chekhov-0003-0127.txt
MAN IN A CASE,Anton Chekhov,Other,Other,manual/processed/man-in-a-case-by-anton-chekhov-0003-0128.txt
MARI D’ELLE,Anton Chekhov,Other,Other,manual/processed/mari-delle-by-anton-chekhov-0003-0129.txt
MARSHAL’S WIDOW,Anton Chekhov,Other,Other,manual/processed/marshals-widow-by-anton-chekhov-0003-0130.txt
MARTYRS,Anton Chekhov,Other,Other,manual/processed/martyrs-by-anton-chekhov-0003-0131.txt
MINDS IN FERMENT,Anton Chekhov,Other,Other,manual/processed/minds-in-ferment-by-anton-chekhov-0003-0132.txt
MIRE,Anton Chekhov,Other,Other,manual/processed/mire-by-anton-chekhov-0003-0133.txt
MISERY,Anton Chekhov,Other,Other,manual/processed/misery-by-anton-chekhov-0003-0134.txt
MISFORTUNE,Anton Chekhov,Other,Other,manual/processed/misfortune-by-anton-chekhov-0003-0135.txt
MISFORTUNE,Anton Chekhov,Other,Other,manual/processed/misfortune-by-anton-chekhov-0003-0136.txt
MURDER,Anton Chekhov,Other,Other,manual/processed/murder-by-anton-chekhov-0003-0137.txt
MUZHIK FED TWO OFFICIALS,Anton Chekhov,Other,Other,manual/processed/muzhik-fed-two-officials-by-anton-chekhov-0003-0138.txt
MY LIFE,Anton Chekhov,Other,Other,manual/processed/my-life-by-anton-chekhov-0003-0139.txt
MY LIFE,Anton Chekhov,Other,Other,manual/processed/my-life-by-anton-chekhov-0003-0140.txt
MYSTERY,Anton Chekhov,Other,Other,manual/processed/mystery-by-anton-chekhov-0003-0141.txt
NEIGHBOURS,Anton Chekhov,Other,Other,manual/processed/neighbours-by-anton-chekhov-0003-0142.txt
NERVES,Anton Chekhov,Other,Other,manual/processed/nerves-by-anton-chekhov-0003-0143.txt
NERVOUS BREAKDOWN,Anton Chekhov,Other,Other,manual/processed/nervous-breakdown-by-anton-chekhov-0003-0144.txt
NEW VILLA,Anton Chekhov,Other,Other,manual/processed/new-villa-by-anton-chekhov-0003-0145.txt
NIGHTMARE,Anton Chekhov,Other,Other,manual/processed/nightmare-by-anton-chekhov-0003-0146.txt
NOT WANTED,Anton Chekhov,Other,Other,manual/processed/not-wanted-by-anton-chekhov-0003-0147.txt
OFFICIAL DUTY,Anton Chekhov,Other,Other,manual/processed/official-duty-by-anton-chekhov-0003-0148.txt
OLD AGE,Anton Chekhov,Other,Other,manual/processed/old-age-by-anton-chekhov-0003-0149.txt
OLD AGE,Anton Chekhov,Other,Other,manual/processed/old-age-by-anton-chekhov-0003-0150.txt
OLD HOUSE,Anton Chekhov,Other,Other,manual/processed/old-house-by-anton-chekhov-0003-0151.txt
ON THE ROAD,Anton Chekhov,Other,Other,manual/processed/on-the-road-by-anton-chekhov-0003-0152.txt
OUTRAGE—A TRUE STORY,Anton Chekhov,Other,Other,manual/processed/outrage-a-true-story-by-anton-chekhov-0003-0153.txt
OVERDOING IT,Anton Chekhov,Other,Other,manual/processed/overdoing-it-by-anton-chekhov-0003-0154.txt
OVERWHELMING SENSATIONS,Anton Chekhov,Other,Other,manual/processed/overwhelming-sensations-by-anton-chekhov-0003-0155.txt
OYSTERS,Anton Chekhov,Other,Other,manual/processed/oysters-by-anton-chekhov-0003-0156.txt
PANIC FEARS,Anton Chekhov,Other,Other,manual/processed/panic-fears-by-anton-chekhov-0003-0157.txt
PARTY,Anton Chekhov,Other,Other,manual/processed/party-by-anton-chekhov-0003-0158.txt
PASSION WEEK,Anton Chekhov,Other,Other,manual/processed/passion-week-by-anton-chekhov-0003-0159.txt
PEASANT WIVES,Anton Chekhov,Other,Other,manual/processed/peasant-wives-by-anton-chekhov-0003-0160.txt
PEASANTS,Anton Chekhov,Other,Other,manual/processed/peasants-by-anton-chekhov-0003-0161.txt
PECULIAR MAN,Anton Chekhov,Other,Other,manual/processed/peculiar-man-by-anton-chekhov-0003-0162.txt
PETCHENYEG,Anton Chekhov,Other,Other,manual/processed/petchenyeg-by-anton-chekhov-0003-0163.txt
PINK STOCKING,Anton Chekhov,Other,Other,manual/processed/pink-stocking-by-anton-chekhov-0003-0164.txt
PIPE,Anton Chekhov,Other,Other,manual/processed/pipe-by-anton-chekhov-0003-0165.txt
PLAY,Anton Chekhov,Other,Other,manual/processed/play-by-anton-chekhov-0003-0166.txt
POLINKA,Anton Chekhov,Other,Other,manual/processed/polinka-by-anton-chekhov-0003-0167.txt
POST,Anton Chekhov,Other,Other,manual/processed/post-by-anton-chekhov-0003-0168.txt
PRINCESS,Anton Chekhov,Other,Other,manual/processed/princess-by-anton-chekhov-0003-0169.txt
PRIVY COUNCILLOR,Anton Chekhov,Other,Other,manual/processed/privy-councillor-by-anton-chekhov-0003-0170.txt
PROBLEM,Anton Chekhov,Other,Other,manual/processed/problem-by-anton-chekhov-0003-0171.txt
PUBLIC,Anton Chekhov,Other,Other,manual/processed/public-by-anton-chekhov-0003-0172.txt
QUEEN OF SPADES,Anton Chekhov,Other,Other,manual/processed/queen-of-spades-by-anton-chekhov-0003-0173.txt
RAVINE,Anton Chekhov,Other,Other,manual/processed/ravine-by-anton-chekhov-0003-0174.txt
REQUIEM,Anton Chekhov,Other,Other,manual/processed/requiem-by-anton-chekhov-0003-0175.txt
REVOLUTIONIST,Anton Chekhov,Other,Other,manual/processed/revolutionist-by-anton-chekhov-0003-0176.txt
ROTHSCHILD'S FIDDLE,Anton Chekhov,Other,Other,manual/processed/rothschild-s-fiddle-by-anton-chekhov-0003-0177.txt
RUNAWAY,Anton Chekhov,Other,Other,manual/processed/runaway-by-anton-chekhov-0003-0178.txt
SCHOOLMASTER,Anton Chekhov,Other,Other,manual/processed/schoolmaster-by-anton-chekhov-0003-0179.txt
SCHOOLMISTRESS,Anton Chekhov,Other,Other,manual/processed/schoolmistress-by-anton-chekhov-0003-0180.txt
SERVANT,Anton Chekhov,Other,Other,manual/processed/servant-by-anton-chekhov-0003-0181.txt
"SHADES, A PHANTASY",Anton Chekhov,Other,Other,manual/processed/shades-a-phantasy-by-anton-chekhov-0003-0182.txt
SHOEMAKER AND THE DEVIL,Anton Chekhov,Other,Other,manual/processed/shoemaker-and-the-devil-by-anton-chekhov-0003-0183.txt
SHROVE TUESDAY,Anton Chekhov,Other,Other,manual/processed/shrove-tuesday-by-anton-chekhov-0003-0184.txt
SIGNAL,Anton Chekhov,Other,Other,manual/processed/signal-by-anton-chekhov-0003-0185.txt
SLANDER,Anton Chekhov,Other,Other,manual/processed/slander-by-anton-chekhov-0003-0186.txt
SLEEPY,Anton Chekhov,Other,Other,manual/processed/sleepy-by-anton-chekhov-0003-0187.txt
SMALL FRY,Anton Chekhov,Other,Other,manual/processed/small-fry-by-anton-chekhov-0003-0188.txt
SORROW,Anton Chekhov,Other,Other,manual/processed/sorrow-by-anton-chekhov-0003-0189.txt
STEPPE,Anton Chekhov,Other,Other,manual/processed/steppe-by-anton-chekhov-0003-0190.txt
STORY WITHOUT A TITLE,Anton Chekhov,Other,Other,manual/processed/story-without-a-title-by-anton-chekhov-0003-0191.txt
STORY WITHOUT AN END,Anton Chekhov,Other,Other,manual/processed/story-without-an-end-by-anton-chekhov-0003-0192.txt
STRANGE LAND,Anton Chekhov,Other,Other,manual/processed/strange-land-by-anton-chekhov-0003-0193.txt
STRONG IMPRESSIONS,Anton Chekhov,Other,Other,manual/processed/strong-impressions-by-anton-chekhov-0003-0194.txt
STUDENT,Anton Chekhov,Other,Other,manual/processed/student-by-anton-chekhov-0003-0195.txt
SUMMER VILLA,Anton Chekhov,Other,Other,manual/processed/summer-villa-by-anton-chekhov-0003-0196.txt
SWEDISH MATCH,Anton Chekhov,Other,Other,manual/processed/swedish-match-by-anton-chekhov-0003-0197.txt
TALENT,Anton Chekhov,Other,Other,manual/processed/talent-by-anton-chekhov-0003-0198.txt
TEACHER OF LITERATURE,Anton Chekhov,Other,Other,manual/processed/teacher-of-literature-by-anton-chekhov-0003-0199.txt
TEDIOUS STORY,Anton Chekhov,Other,Other,manual/processed/tedious-story-by-anton-chekhov-0003-0200.txt
TERROR,Anton Chekhov,Other,Other,manual/processed/terror-by-anton-chekhov-0003-0201.txt
THAT WRETCHED BOY,Anton Chekhov,Other,Other,manual/processed/that-wretched-boy-by-anton-chekhov-0003-0202.txt
THE CHORUS GIRL,Anton Chekhov,Other,Other,manual/processed/the-chorus-girl-by-anton-chekhov-0003-0203.txt
THE FIT,Anton Chekhov,Other,Other,manual/processed/the-fit-by-anton-chekhov-0003-0204.txt
THE ORATOR,Anton Chekhov,Other,Other,manual/processed/the-orator-by-anton-chekhov-0003-0205.txt
THREE YEARS,Anton Chekhov,Other,Other,manual/processed/three-years-by-anton-chekhov-0003-0206.txt
TRAGIC ACTOR,Anton Chekhov,Other,Other,manual/processed/tragic-actor-by-anton-chekhov-0003-0207.txt
TRANSGRESSION,Anton Chekhov,Other,Other,manual/processed/transgression-by-anton-chekhov-0003-0208.txt
TRIFLE FROM LIFE,Anton Chekhov,Other,Other,manual/processed/trifle-from-life-by-anton-chekhov-0003-0209.txt
TRIFLING OCCURRENCE,Anton Chekhov,Other,Other,manual/processed/trifling-occurrence-by-anton-chekhov-0003-0210.txt
TRIPPING TONGUE,Anton Chekhov,Other,Other,manual/processed/tripping-tongue-by-anton-chekhov-0003-0211.txt
TRIVIAL INCIDENT,Anton Chekhov,Other,Other,manual/processed/trivial-incident-by-anton-chekhov-0003-0212.txt
TROUBLE,Anton Chekhov,Other,Other,manual/processed/trouble-by-anton-chekhov-0003-0213.txt
TROUBLESOME VISITOR,Anton Chekhov,Other,Other,manual/processed/troublesome-visitor-by-anton-chekhov-0003-0214.txt
TROUSSEAU,Anton Chekhov,Other,Other,manual/processed/trousseau-by-anton-chekhov-0003-0215.txt
TWO VOLODYAS,Anton Chekhov,Other,Other,manual/processed/two-volodyas-by-anton-chekhov-0003-0216.txt
TYPHUS,Anton Chekhov,Other,Other,manual/processed/typhus-by-anton-chekhov-0003-0217.txt
TYPHUS,Anton Chekhov,Other,Other,manual/processed/typhus-by-anton-chekhov-0003-0218.txt
UPROOTED,Anton Chekhov,Other,Other,manual/processed/uprooted-by-anton-chekhov-0003-0219.txt
VANKA,Anton Chekhov,Other,Other,manual/processed/vanka-by-anton-chekhov-0003-0220.txt
VANKA,Anton Chekhov,Other,Other,manual/processed/vanka-by-anton-chekhov-0003-0221.txt
VEROTCHKA,Anton Chekhov,Other,Other,manual/processed/verotchka-by-anton-chekhov-0003-0222.txt
WARD NO. 6,Anton Chekhov,Other,Other,manual/processed/ward-no-6-by-anton-chekhov-0003-0223.txt
WHITEBROW,Anton Chekhov,Other,Other,manual/processed/whitebrow-by-anton-chekhov-0003-0224.txt
WHO WAS TO BLAME?,Anton Chekhov,Other,Other,manual/processed/who-was-to-blame-by-anton-chekhov-0003-0225.txt
WIFE,Anton Chekhov,Other,Other,manual/processed/wife-by-anton-chekhov-0003-0226.txt
WITCH,Anton Chekhov,Other,Other,manual/processed/witch-by-anton-chekhov-0003-0227.txt
WOMAN’S KINGDOM,Anton Chekhov,Other,Other,manual/processed/womans-kingdom-by-anton-chekhov-0003-0228.txt
WORK OF ART,Anton Chekhov,Other,Other,manual/processed/work-of-art-by-anton-chekhov-0003-0229.txt
ZINOTCHKA,Anton Chekhov,Other,Other,manual/processed/zinotchka-by-anton-chekhov-0003-0230.txt
