A Scandal in Bohemia,Sir Arthur Conan Doyle,Europe,United Kingdom,manual/processed/a-scandal-in-bohemia-by-sir-arthur-conan-doyle-0000-0000.txt
The Red-Headed League,Sir Arthur Conan Doyle,Europe,United Kingdom,manual/processed/the-red-headed-league-by-sir-arthur-conan-doyle-0000-0001.txt
A Case of Identity,Sir Arthur Conan Doyle,Europe,United Kingdom,manual/processed/a-case-of-identity-by-sir-arthur-conan-doyle-0000-0002.txt
The Boscombe Valley Mystery,Sir Arthur Conan Doyle,Europe,United Kingdom,manual/processed/the-boscombe-valley-mystery-by-sir-arthur-conan-doyle-0000-0003.txt
The Five Orange Pips,Sir Arthur Conan Doyle,Europe,United Kingdom,manual/processed/the-five-orange-pips-by-sir-arthur-conan-doyle-0000-0004.txt
The Man with the Twisted Lip,Sir Arthur Conan Doyle,Europe,United Kingdom,manual/processed/the-man-with-the-twisted-lip-by-sir-arthur-conan-doyle-0000-0005.txt
The Adventure of the Blue Carbuncle,Sir Arthur Conan Doyle,Europe,United Kingdom,manual/processed/the-adventure-of-the-blue-carbuncle-by-sir-arthur-conan-doyle-0000-0006.txt
The Adventure of the Speckled Band,Sir Arthur Conan Doyle,Europe,United Kingdom,manual/processed/the-adventure-of-the-speckled-band-by-sir-arthur-conan-doyle-0000-0007.txt
The Adventure of the Engineer's Thumb,Sir Arthur Conan Doyle,Europe,United Kingdom,manual/processed/the-adventure-of-the-engineer-s-thumb-by-sir-arthur-conan-doyle-0000-0008.txt
The Adventure of the Noble Bachelor,Sir Arthur Conan Doyle,Europe,United Kingdom,manual/processed/the-adventure-of-the-noble-bachelor-by-sir-arthur-conan-doyle-0000-0009.txt
The Adventure of the Beryl Coronet,Sir Arthur Conan Doyle,Europe,United Kingdom,manual/processed/the-adventure-of-the-beryl-coronet-by-sir-arthur-conan-doyle-0000-0010.txt
The Adventure of the Copper Beeches,Sir Arthur Conan Doyle,Europe,United Kingdom,manual/processed/the-adventure-of-the-copper-beeches-by-sir-arthur-conan-doyle-0000-0011.txt
Silver Blaze,Sir Arthur Conan Doyle,Europe,United Kingdom,manual/processed/silver-blaze-by-sir-arthur-conan-doyle-0000-0012.txt
Yellow Face,Sir Arthur Conan Doyle,Europe,United Kingdom,manual/processed/yellow-face-by-sir-arthur-conan-doyle-0000-0013.txt
The Stockbroker's Clerk,Sir Arthur Conan Doyle,Europe,United Kingdom,manual/processed/the-stockbroker-s-clerk-by-sir-arthur-conan-doyle-0000-0014.txt
The “Gloria Scott”,Sir Arthur Conan Doyle,Europe,United Kingdom,manual/processed/the-gloria-scott-by-sir-arthur-conan-doyle-0000-0015.txt
The Musgrave Ritual,Sir Arthur Conan Doyle,Europe,United Kingdom,manual/processed/the-musgrave-ritual-by-sir-arthur-conan-doyle-0000-0016.txt
The Reigate Puzzle,Sir Arthur Conan Doyle,Europe,United Kingdom,manual/processed/the-reigate-puzzle-by-sir-arthur-conan-doyle-0000-0017.txt
The Crooked Man,Sir Arthur Conan Doyle,Europe,United Kingdom,manual/processed/the-crooked-man-by-sir-arthur-conan-doyle-0000-0018.txt
The Resident Patient,Sir Arthur Conan Doyle,Europe,United Kingdom,manual/processed/the-resident-patient-by-sir-arthur-conan-doyle-0000-0019.txt
The Greek Interpreter,Sir Arthur Conan Doyle,Europe,United Kingdom,manual/processed/the-greek-interpreter-by-sir-arthur-conan-doyle-0000-0020.txt
The Naval Treaty,Sir Arthur Conan Doyle,Europe,United Kingdom,manual/processed/the-naval-treaty-by-sir-arthur-conan-doyle-0000-0021.txt
The Final Problem,Sir Arthur Conan Doyle,Europe,United Kingdom,manual/processed/the-final-problem-by-sir-arthur-conan-doyle-0000-0022.txt
The Empty House,Sir Arthur Conan Doyle,Europe,United Kingdom,manual/processed/the-empty-house-by-sir-arthur-conan-doyle-0000-0023.txt
The Norwood Builder,Sir Arthur Conan Doyle,Europe,United Kingdom,manual/processed/the-norwood-builder-by-sir-arthur-conan-doyle-0000-0024.txt
The Dancing Men,Sir Arthur Conan Doyle,Europe,United Kingdom,manual/processed/the-dancing-men-by-sir-arthur-conan-doyle-0000-0025.txt
The Solitary Cyclist,Sir Arthur Conan Doyle,Europe,United Kingdom,manual/processed/the-solitary-cyclist-by-sir-arthur-conan-doyle-0000-0026.txt
The Priory School,Sir Arthur Conan Doyle,Europe,United Kingdom,manual/processed/the-priory-school-by-sir-arthur-conan-doyle-0000-0027.txt
Black Peter,Sir Arthur Conan Doyle,Europe,United Kingdom,manual/processed/black-peter-by-sir-arthur-conan-doyle-0000-0028.txt
Charles Augustus Milverton,Sir Arthur Conan Doyle,Europe,United Kingdom,manual/processed/charles-augustus-milverton-by-sir-arthur-conan-doyle-0000-0029.txt
The Six Napoleons,Sir Arthur Conan Doyle,Europe,United Kingdom,manual/processed/the-six-napoleons-by-sir-arthur-conan-doyle-0000-0030.txt
The Three Students,Sir Arthur Conan Doyle,Europe,United Kingdom,manual/processed/the-three-students-by-sir-arthur-conan-doyle-0000-0031.txt
The Golden Pince-Nez,Sir Arthur Conan Doyle,Europe,United Kingdom,manual/processed/the-golden-pince-nez-by-sir-arthur-conan-doyle-0000-0032.txt
The Missing Three-Quarter,Sir Arthur Conan Doyle,Europe,United Kingdom,manual/processed/the-missing-three-quarter-by-sir-arthur-conan-doyle-0000-0033.txt
The Abbey Grange,Sir Arthur Conan Doyle,Europe,United Kingdom,manual/processed/the-abbey-grange-by-sir-arthur-conan-doyle-0000-0034.txt
The Second Stain,Sir Arthur Conan Doyle,Europe,United Kingdom,manual/processed/the-second-stain-by-sir-arthur-conan-doyle-0000-0035.txt
Wisteria Lodge,Sir Arthur Conan Doyle,Europe,United Kingdom,manual/processed/wisteria-lodge-by-sir-arthur-conan-doyle-0000-0036.txt
The Cardboard Box,Sir Arthur Conan Doyle,Europe,United Kingdom,manual/processed/the-cardboard-box-by-sir-arthur-conan-doyle-0000-0037.txt
The Red Circle,Sir Arthur Conan Doyle,Europe,United Kingdom,manual/processed/the-red-circle-by-sir-arthur-conan-doyle-0000-0038.txt
The Bruce-Partington Plans,Sir Arthur Conan Doyle,Europe,United Kingdom,manual/processed/the-bruce-partington-plans-by-sir-arthur-conan-doyle-0000-0039.txt
The Dying Detective,Sir Arthur Conan Doyle,Europe,United Kingdom,manual/processed/the-dying-detective-by-sir-arthur-conan-doyle-0000-0040.txt
Lady Frances Carfax,Sir Arthur Conan Doyle,Europe,United Kingdom,manual/processed/lady-frances-carfax-by-sir-arthur-conan-doyle-0000-0041.txt
The Devil's Foot,Sir Arthur Conan Doyle,Europe,United Kingdom,manual/processed/the-devil-s-foot-by-sir-arthur-conan-doyle-0000-0042.txt
His Last Bow,Sir Arthur Conan Doyle,Europe,United Kingdom,manual/processed/his-last-bow-by-sir-arthur-conan-doyle-0000-0043.txt
